id,prefecture,city,prefecture_kana,city_kana
1,北海道,,ほっかいどう,
2,北海道,札幌市,ほっかいどう,さっぽろし
3,北海道,札幌市中央区,ほっかいどう,さっぽろしちゅうおうく
4,北海道,札幌市北区,ほっかいどう,さっぽろしきたく
5,北海道,札幌市東区,ほっかいどう,さっぽろしひがしく
6,北海道,札幌市白石区,ほっかいどう,さっぽろししろいしく
7,北海道,札幌市豊平区,ほっかいどう,さっぽろしとよひらく
8,北海道,札幌市南区,ほっかいどう,さっぽろしみなみく
9,北海道,札幌市西区,ほっかいどう,さっぽろしにしく
10,北海道,札幌市厚別区,ほっかいどう,さっぽろしあつべつく
11,北海道,札幌市手稲区,ほっかいどう,さっぽろしていねく
12,北海道,札幌市清田区,ほっかいどう,さっぽろしきよたく
13,北海道,函館市,ほっかいどう,はこだてし
14,北海道,小樽市,ほっかいどう,おたるし
15,北海道,旭川市,ほっかいどう,あさひかわし
16,北海道,室蘭市,ほっかいどう,むろらんし
17,北海道,釧路市,ほっかいどう,くしろし
18,北海道,帯広市,ほっかいどう,おびひろし
19,北海道,北見市,ほっかいどう,きたみし
20,北海道,夕張市,ほっかいどう,ゆうばりし
21,北海道,岩見沢市,ほっかいどう,いわみざわし
22,北海道,網走市,ほっかいどう,あばしりし
23,北海道,留萌市,ほっかいどう,るもいし
24,北海道,苫小牧市,ほっかいどう,とまこまいし
25,北海道,稚内市,ほっかいどう,わっかないし
26,北海道,美唄市,ほっかいどう,びばいし
27,北海道,芦別市,ほっかいどう,あしべつし
28,北海道,江別市,ほっかいどう,えべつし
29,北海道,赤平市,ほっかいどう,あかびらし
30,北海道,紋別市,ほっかいどう,もんべつし
31,北海道,士別市,ほっかいどう,しべつし
32,北海道,名寄市,ほっかいどう,なよろし
33,北海道,三笠市,ほっかいどう,みかさし
34,北海道,根室市,ほっかいどう,ねむろし
35,北海道,千歳市,ほっかいどう,ちとせし
36,北海道,滝川市,ほっかいどう,たきかわし
37,北海道,砂川市,ほっかいどう,すながわし
38,北海道,歌志内市,ほっかいどう,うたしないし
39,北海道,深川市,ほっかいどう,ふかがわし
40,北海道,富良野市,ほっかいどう,ふらのし
41,北海道,登別市,ほっかいどう,のぼりべつし
42,北海道,恵庭市,ほっかいどう,えにわし
43,北海道,伊達市,ほっかいどう,だてし
44,北海道,北広島市,ほっかいどう,きたひろしまし
45,北海道,石狩市,ほっかいどう,いしかりし
46,北海道,北斗市,ほっかいどう,ほくとし
47,北海道,当別町,ほっかいどう,とうべつちょう
48,北海道,新篠津村,ほっかいどう,しんしのつむら
49,北海道,松前町,ほっかいどう,まつまえちょう
50,北海道,福島町,ほっかいどう,ふくしまちょう
51,北海道,知内町,ほっかいどう,しりうちちょう
52,北海道,木古内町,ほっかいどう,きこないちょう
53,北海道,七飯町,ほっかいどう,ななえちょう
54,北海道,鹿部町,ほっかいどう,しかべちょう
55,北海道,森町,ほっかいどう,もりまち
56,北海道,八雲町,ほっかいどう,やくもちょう
57,北海道,長万部町,ほっかいどう,おしゃまんべちょう
58,北海道,江差町,ほっかいどう,えさしちょう
59,北海道,上ノ国町,ほっかいどう,かみのくにちょう
60,北海道,厚沢部町,ほっかいどう,あっさぶちょう
61,北海道,乙部町,ほっかいどう,おとべちょう
62,北海道,奥尻町,ほっかいどう,おくしりちょう
63,北海道,今金町,ほっかいどう,いまかねちょう
64,北海道,せたな町,ほっかいどう,せたなちょう
65,北海道,島牧村,ほっかいどう,しままきむら
66,北海道,寿都町,ほっかいどう,すっつちょう
67,北海道,黒松内町,ほっかいどう,くろまつないちょう
68,北海道,蘭越町,ほっかいどう,らんこしちょう
69,北海道,ニセコ町,ほっかいどう,にせこちょう
70,北海道,真狩村,ほっかいどう,まっかりむら
71,北海道,留寿都村,ほっかいどう,るすつむら
72,北海道,喜茂別町,ほっかいどう,きもべつちょう
73,北海道,京極町,ほっかいどう,きょうごくちょう
74,北海道,倶知安町,ほっかいどう,くっちゃんちょう
75,北海道,共和町,ほっかいどう,きょうわちょう
76,北海道,岩内町,ほっかいどう,いわないちょう
77,北海道,泊村,ほっかいどう,とまりむら
78,北海道,神恵内村,ほっかいどう,かもえないむら
79,北海道,積丹町,ほっかいどう,しゃこたんちょう
80,北海道,古平町,ほっかいどう,ふるびらちょう
81,北海道,仁木町,ほっかいどう,にきちょう
82,北海道,余市町,ほっかいどう,よいちちょう
83,北海道,赤井川村,ほっかいどう,あかいがわむら
84,北海道,南幌町,ほっかいどう,なんぽろちょう
85,北海道,奈井江町,ほっかいどう,ないえちょう
86,北海道,上砂川町,ほっかいどう,かみすながわちょう
87,北海道,由仁町,ほっかいどう,ゆにちょう
88,北海道,長沼町,ほっかいどう,ながぬまちょう
89,北海道,栗山町,ほっかいどう,くりやまちょう
90,北海道,月形町,ほっかいどう,つきがたちょう
91,北海道,浦臼町,ほっかいどう,うらうすちょう
92,北海道,新十津川町,ほっかいどう,しんとつかわちょう
93,北海道,妹背牛町,ほっかいどう,もせうしちょう
94,北海道,秩父別町,ほっかいどう,ちっぷべつちょう
95,北海道,雨竜町,ほっかいどう,うりゅうちょう
96,北海道,北竜町,ほっかいどう,ほくりゅうちょう
97,北海道,沼田町,ほっかいどう,ぬまたちょう
98,北海道,鷹栖町,ほっかいどう,たかすちょう
99,北海道,東神楽町,ほっかいどう,ひがしかぐらちょう
100,北海道,当麻町,ほっかいどう,とうまちょう
101,北海道,比布町,ほっかいどう,ぴっぷちょう
102,北海道,愛別町,ほっかいどう,あいべつちょう
103,北海道,上川町,ほっかいどう,かみかわちょう
104,北海道,東川町,ほっかいどう,ひがしかわちょう
105,北海道,美瑛町,ほっかいどう,びえいちょう
106,北海道,上富良野町,ほっかいどう,かみふらのちょう
107,北海道,中富良野町,ほっかいどう,なかふらのちょう
108,北海道,南富良野町,ほっかいどう,みなみふらのちょう
109,北海道,占冠村,ほっかいどう,しむかっぷむら
110,北海道,和寒町,ほっかいどう,わっさむちょう
111,北海道,剣淵町,ほっかいどう,けんぶちちょう
112,北海道,下川町,ほっかいどう,しもかわちょう
113,北海道,美深町,ほっかいどう,びふかちょう
114,北海道,音威子府村,ほっかいどう,おといねっぷむら
115,北海道,中川町,ほっかいどう,なかがわちょう
116,北海道,幌加内町,ほっかいどう,ほろかないちょう
117,北海道,増毛町,ほっかいどう,ましけちょう
118,北海道,小平町,ほっかいどう,おびらちょう
119,北海道,苫前町,ほっかいどう,とままえちょう
120,北海道,羽幌町,ほっかいどう,はぼろちょう
121,北海道,初山別村,ほっかいどう,しょさんべつむら
122,北海道,遠別町,ほっかいどう,えんべつちょう
123,北海道,天塩町,ほっかいどう,てしおちょう
124,北海道,猿払村,ほっかいどう,さるふつむら
125,北海道,浜頓別町,ほっかいどう,はまとんべつちょう
126,北海道,中頓別町,ほっかいどう,なかとんべつちょう
127,北海道,枝幸町,ほっかいどう,えさしちょう
128,北海道,豊富町,ほっかいどう,とよとみちょう
129,北海道,礼文町,ほっかいどう,れぶんちょう
130,北海道,利尻町,ほっかいどう,りしりちょう
131,北海道,利尻富士町,ほっかいどう,りしりふじちょう
132,北海道,幌延町,ほっかいどう,ほろのべちょう
133,北海道,美幌町,ほっかいどう,びほろちょう
134,北海道,津別町,ほっかいどう,つべつちょう
135,北海道,斜里町,ほっかいどう,しゃりちょう
136,北海道,清里町,ほっかいどう,きよさとちょう
137,北海道,小清水町,ほっかいどう,こしみずちょう
138,北海道,訓子府町,ほっかいどう,くんねっぷちょう
139,北海道,置戸町,ほっかいどう,おけとちょう
140,北海道,佐呂間町,ほっかいどう,さろまちょう
141,北海道,遠軽町,ほっかいどう,えんがるちょう
142,北海道,湧別町,ほっかいどう,ゆうべつちょう
143,北海道,滝上町,ほっかいどう,たきのうえちょう
144,北海道,興部町,ほっかいどう,おこっぺちょう
145,北海道,西興部村,ほっかいどう,にしおこっぺむら
146,北海道,雄武町,ほっかいどう,おうむちょう
147,北海道,大空町,ほっかいどう,おおぞらちょう
148,北海道,豊浦町,ほっかいどう,とようらちょう
149,北海道,壮瞥町,ほっかいどう,そうべつちょう
150,北海道,白老町,ほっかいどう,しらおいちょう
151,北海道,厚真町,ほっかいどう,あつまちょう
152,北海道,洞爺湖町,ほっかいどう,とうやこちょう
153,北海道,安平町,ほっかいどう,あびらちょう
154,北海道,むかわ町,ほっかいどう,むかわちょう
155,北海道,日高町,ほっかいどう,ひだかちょう
156,北海道,平取町,ほっかいどう,びらとりちょう
157,北海道,新冠町,ほっかいどう,にいかっぷちょう
158,北海道,浦河町,ほっかいどう,うらかわちょう
159,北海道,様似町,ほっかいどう,さまにちょう
160,北海道,えりも町,ほっかいどう,えりもちょう
161,北海道,新ひだか町,ほっかいどう,しんひだかちょう
162,北海道,音更町,ほっかいどう,おとふけちょう
163,北海道,士幌町,ほっかいどう,しほろちょう
164,北海道,上士幌町,ほっかいどう,かみしほろちょう
165,北海道,鹿追町,ほっかいどう,しかおいちょう
166,北海道,新得町,ほっかいどう,しんとくちょう
167,北海道,清水町,ほっかいどう,しみずちょう
168,北海道,芽室町,ほっかいどう,めむろちょう
169,北海道,中札内村,ほっかいどう,なかさつないむら
170,北海道,更別村,ほっかいどう,さらべつむら
171,北海道,大樹町,ほっかいどう,たいきちょう
172,北海道,広尾町,ほっかいどう,ひろおちょう
173,北海道,幕別町,ほっかいどう,まくべつちょう
174,北海道,池田町,ほっかいどう,いけだちょう
175,北海道,豊頃町,ほっかいどう,とよころちょう
176,北海道,本別町,ほっかいどう,ほんべつちょう
177,北海道,足寄町,ほっかいどう,あしょろちょう
178,北海道,陸別町,ほっかいどう,りくべつちょう
179,北海道,浦幌町,ほっかいどう,うらほろちょう
180,北海道,釧路町,ほっかいどう,くしろちょう
181,北海道,厚岸町,ほっかいどう,あっけしちょう
182,北海道,浜中町,ほっかいどう,はまなかちょう
183,北海道,標茶町,ほっかいどう,しべちゃちょう
184,北海道,弟子屈町,ほっかいどう,てしかがちょう
185,北海道,鶴居村,ほっかいどう,つるいむら
186,北海道,白糠町,ほっかいどう,しらぬかちょう
187,北海道,別海町,ほっかいどう,べつかいちょう
188,北海道,中標津町,ほっかいどう,なかしべつちょう
189,北海道,標津町,ほっかいどう,しべつちょう
190,北海道,羅臼町,ほっかいどう,らうすちょう
191,青森県,,あおもりけん,
192,青森県,青森市,あおもりけん,あおもりし
193,青森県,弘前市,あおもりけん,ひろさきし
194,青森県,八戸市,あおもりけん,はちのへし
195,青森県,黒石市,あおもりけん,くろいしし
196,青森県,五所川原市,あおもりけん,ごしょがわらし
197,青森県,十和田市,あおもりけん,とわだし
198,青森県,三沢市,あおもりけん,みさわし
199,青森県,むつ市,あおもりけん,むつし
200,青森県,つがる市,あおもりけん,つがるし
201,青森県,平川市,あおもりけん,ひらかわし
202,青森県,平内町,あおもりけん,ひらないまち
203,青森県,今別町,あおもりけん,いまべつまち
204,青森県,蓬田村,あおもりけん,よもぎたむら
205,青森県,外ヶ浜町,あおもりけん,そとがはままち
206,青森県,鰺ヶ沢町,あおもりけん,あじがさわまち
207,青森県,深浦町,あおもりけん,ふかうらまち
208,青森県,西目屋村,あおもりけん,にしめやむら
209,青森県,藤崎町,あおもりけん,ふじさきまち
210,青森県,大鰐町,あおもりけん,おおわにまち
211,青森県,田舎館村,あおもりけん,いなかだてむら
212,青森県,板柳町,あおもりけん,いたやなぎまち
213,青森県,鶴田町,あおもりけん,つるたまち
214,青森県,中泊町,あおもりけん,なかどまりまち
215,青森県,野辺地町,あおもりけん,のへじまち
216,青森県,七戸町,あおもりけん,しちのへまち
217,青森県,六戸町,あおもりけん,ろくのへまち
218,青森県,横浜町,あおもりけん,よこはままち
219,青森県,東北町,あおもりけん,とうほくまち
220,青森県,六ヶ所村,あおもりけん,ろっかしょむら
221,青森県,おいらせ町,あおもりけん,おいらせちょう
222,青森県,大間町,あおもりけん,おおままち
223,青森県,東通村,あおもりけん,ひがしどおりむら
224,青森県,風間浦村,あおもりけん,かざまうらむら
225,青森県,佐井村,あおもりけん,さいむら
226,青森県,三戸町,あおもりけん,さんのへまち
227,青森県,五戸町,あおもりけん,ごのへまち
228,青森県,田子町,あおもりけん,たっこまち
229,青森県,南部町,あおもりけん,なんぶちょう
230,青森県,階上町,あおもりけん,はしかみちょう
231,青森県,新郷村,あおもりけん,しんごうむら
232,岩手県,,いわてけん,
233,岩手県,盛岡市,いわてけん,もりおかし
234,岩手県,宮古市,いわてけん,みやこし
235,岩手県,大船渡市,いわてけん,おおふなとし
236,岩手県,花巻市,いわてけん,はなまきし
237,岩手県,北上市,いわてけん,きたかみし
238,岩手県,久慈市,いわてけん,くじし
239,岩手県,遠野市,いわてけん,とおのし
240,岩手県,一関市,いわてけん,いちのせきし
241,岩手県,陸前高田市,いわてけん,りくぜんたかたし
242,岩手県,釜石市,いわてけん,かまいしし
243,岩手県,二戸市,いわてけん,にのへし
244,岩手県,八幡平市,いわてけん,はちまんたいし
245,岩手県,奥州市,いわてけん,おうしゅうし
246,岩手県,滝沢市,いわてけん,たきざわし
247,岩手県,雫石町,いわてけん,しずくいしちょう
248,岩手県,葛巻町,いわてけん,くずまきまち
249,岩手県,岩手町,いわてけん,いわてまち
250,岩手県,紫波町,いわてけん,しわちょう
251,岩手県,矢巾町,いわてけん,やはばちょう
252,岩手県,西和賀町,いわてけん,にしわがまち
253,岩手県,金ケ崎町,いわてけん,かねがさきちょう
254,岩手県,平泉町,いわてけん,ひらいずみちょう
255,岩手県,住田町,いわてけん,すみたちょう
256,岩手県,大槌町,いわてけん,おおつちちょう
257,岩手県,山田町,いわてけん,やまだまち
258,岩手県,岩泉町,いわてけん,いわいずみちょう
259,岩手県,田野畑村,いわてけん,たのはたむら
260,岩手県,普代村,いわてけん,ふだいむら
261,岩手県,軽米町,いわてけん,かるまいまち
262,岩手県,野田村,いわてけん,のだむら
263,岩手県,九戸村,いわてけん,くのへむら
264,岩手県,洋野町,いわてけん,ひろのちょう
265,岩手県,一戸町,いわてけん,いちのへまち
266,宮城県,,みやぎけん,
267,宮城県,仙台市,みやぎけん,せんだいし
268,宮城県,仙台市青葉区,みやぎけん,せんだいしあおばく
269,宮城県,仙台市宮城野区,みやぎけん,せんだいしみやぎのく
270,宮城県,仙台市若林区,みやぎけん,せんだいしわかばやしく
271,宮城県,仙台市太白区,みやぎけん,せんだいしたいはくく
272,宮城県,仙台市泉区,みやぎけん,せんだいしいずみく
273,宮城県,石巻市,みやぎけん,いしのまきし
274,宮城県,塩竈市,みやぎけん,しおがまし
275,宮城県,気仙沼市,みやぎけん,けせんぬまし
276,宮城県,白石市,みやぎけん,しろいしし
277,宮城県,名取市,みやぎけん,なとりし
278,宮城県,角田市,みやぎけん,かくだし
279,宮城県,多賀城市,みやぎけん,たがじょうし
280,宮城県,岩沼市,みやぎけん,いわぬまし
281,宮城県,登米市,みやぎけん,とめし
282,宮城県,栗原市,みやぎけん,くりはらし
283,宮城県,東松島市,みやぎけん,ひがしまつしまし
284,宮城県,大崎市,みやぎけん,おおさきし
285,宮城県,富谷市,みやぎけん,とみやし
286,宮城県,蔵王町,みやぎけん,ざおうまち
287,宮城県,七ヶ宿町,みやぎけん,しちかしゅくまち
288,宮城県,大河原町,みやぎけん,おおがわらまち
289,宮城県,村田町,みやぎけん,むらたまち
290,宮城県,柴田町,みやぎけん,しばたまち
291,宮城県,川崎町,みやぎけん,かわさきまち
292,宮城県,丸森町,みやぎけん,まるもりまち
293,宮城県,亘理町,みやぎけん,わたりちょう
294,宮城県,山元町,みやぎけん,やまもとちょう
295,宮城県,松島町,みやぎけん,まつしままち
296,宮城県,七ヶ浜町,みやぎけん,しちがはままち
297,宮城県,利府町,みやぎけん,りふちょう
298,宮城県,大和町,みやぎけん,たいわちょう
299,宮城県,大郷町,みやぎけん,おおさとちょう
300,宮城県,大衡村,みやぎけん,おおひらむら
301,宮城県,色麻町,みやぎけん,しかまちょう
302,宮城県,加美町,みやぎけん,かみまち
303,宮城県,涌谷町,みやぎけん,わくやちょう
304,宮城県,美里町,みやぎけん,みさとまち
305,宮城県,女川町,みやぎけん,おながわちょう
306,宮城県,南三陸町,みやぎけん,みなみさんりくちょう
307,秋田県,,あきたけん,
308,秋田県,秋田市,あきたけん,あきたし
309,秋田県,能代市,あきたけん,のしろし
310,秋田県,横手市,あきたけん,よこてし
311,秋田県,大館市,あきたけん,おおだてし
312,秋田県,男鹿市,あきたけん,おがし
313,秋田県,湯沢市,あきたけん,ゆざわし
314,秋田県,鹿角市,あきたけん,かづのし
315,秋田県,由利本荘市,あきたけん,ゆりほんじょうし
316,秋田県,潟上市,あきたけん,かたがみし
317,秋田県,大仙市,あきたけん,だいせんし
318,秋田県,北秋田市,あきたけん,きたあきたし
319,秋田県,にかほ市,あきたけん,にかほし
320,秋田県,仙北市,あきたけん,せんぼくし
321,秋田県,小坂町,あきたけん,こさかまち
322,秋田県,上小阿仁村,あきたけん,かみこあにむら
323,秋田県,藤里町,あきたけん,ふじさとまち
324,秋田県,三種町,あきたけん,みたねちょう
325,秋田県,八峰町,あきたけん,はっぽうちょう
326,秋田県,五城目町,あきたけん,ごじょうめまち
327,秋田県,八郎潟町,あきたけん,はちろうがたまち
328,秋田県,井川町,あきたけん,いかわまち
329,秋田県,大潟村,あきたけん,おおがたむら
330,秋田県,美郷町,あきたけん,みさとちょう
331,秋田県,羽後町,あきたけん,うごまち
332,秋田県,東成瀬村,あきたけん,ひがしなるせむら
333,山形県,,やまがたけん,
334,山形県,山形市,やまがたけん,やまがたし
335,山形県,米沢市,やまがたけん,よねざわし
336,山形県,鶴岡市,やまがたけん,つるおかし
337,山形県,酒田市,やまがたけん,さかたし
338,山形県,新庄市,やまがたけん,しんじょうし
339,山形県,寒河江市,やまがたけん,さがえし
340,山形県,上山市,やまがたけん,かみのやまし
341,山形県,村山市,やまがたけん,むらやまし
342,山形県,長井市,やまがたけん,ながいし
343,山形県,天童市,やまがたけん,てんどうし
344,山形県,東根市,やまがたけん,ひがしねし
345,山形県,尾花沢市,やまがたけん,おばなざわし
346,山形県,南陽市,やまがたけん,なんようし
347,山形県,山辺町,やまがたけん,やまのべまち
348,山形県,中山町,やまがたけん,なかやままち
349,山形県,河北町,やまがたけん,かほくちょう
350,山形県,西川町,やまがたけん,にしかわまち
351,山形県,朝日町,やまがたけん,あさひまち
352,山形県,大江町,やまがたけん,おおえまち
353,山形県,大石田町,やまがたけん,おおいしだまち
354,山形県,金山町,やまがたけん,かねやままち
355,山形県,最上町,やまがたけん,もがみまち
356,山形県,舟形町,やまがたけん,ふながたまち
357,山形県,真室川町,やまがたけん,まむろがわまち
358,山形県,大蔵村,やまがたけん,おおくらむら
359,山形県,鮭川村,やまがたけん,さけがわむら
360,山形県,戸沢村,やまがたけん,とざわむら
361,山形県,高畠町,やまがたけん,たかはたまち
362,山形県,川西町,やまがたけん,かわにしまち
363,山形県,小国町,やまがたけん,おぐにまち
364,山形県,白鷹町,やまがたけん,しらたかまち
365,山形県,飯豊町,やまがたけん,いいでまち
366,山形県,三川町,やまがたけん,みかわまち
367,山形県,庄内町,やまがたけん,しようないまち
368,山形県,遊佐町,やまがたけん,ゆざまち
369,福島県,,ふくしまけん,
370,福島県,福島市,ふくしまけん,ふくしまし
371,福島県,会津若松市,ふくしまけん,あいづわかまつし
372,福島県,郡山市,ふくしまけん,こおりやまし
373,福島県,いわき市,ふくしまけん,いわきし
374,福島県,白河市,ふくしまけん,しらかわし
375,福島県,須賀川市,ふくしまけん,すかがわし
376,福島県,喜多方市,ふくしまけん,きたかたし
377,福島県,相馬市,ふくしまけん,そうまし
378,福島県,二本松市,ふくしまけん,にほんまつし
379,福島県,田村市,ふくしまけん,たむらし
380,福島県,南相馬市,ふくしまけん,みなみそうまし
381,福島県,伊達市,ふくしまけん,だてし
382,福島県,本宮市,ふくしまけん,もとみやし
383,福島県,桑折町,ふくしまけん,こおりまち
384,福島県,国見町,ふくしまけん,くにみまち
385,福島県,川俣町,ふくしまけん,かわまたまち
386,福島県,大玉村,ふくしまけん,おおたまむら
387,福島県,鏡石町,ふくしまけん,かがみいしまち
388,福島県,天栄村,ふくしまけん,てんえいむら
389,福島県,下郷町,ふくしまけん,しもごうまち
390,福島県,檜枝岐村,ふくしまけん,ひのえまたむら
391,福島県,只見町,ふくしまけん,ただみまち
392,福島県,南会津町,ふくしまけん,みなみあいづまち
393,福島県,北塩原村,ふくしまけん,きたしおばらむら
394,福島県,西会津町,ふくしまけん,にしあいづまち
395,福島県,磐梯町,ふくしまけん,ばんだいまち
396,福島県,猪苗代町,ふくしまけん,いなわしろまち
397,福島県,会津坂下町,ふくしまけん,あいづばんげまち
398,福島県,湯川村,ふくしまけん,ゆがわむら
399,福島県,柳津町,ふくしまけん,やないづまち
400,福島県,三島町,ふくしまけん,みしままち
401,福島県,金山町,ふくしまけん,かねやままち
402,福島県,昭和村,ふくしまけん,しょうわむら
403,福島県,会津美里町,ふくしまけん,あいづみさとまち
404,福島県,西郷村,ふくしまけん,にしごうむら
405,福島県,泉崎村,ふくしまけん,いずみざきむら
406,福島県,中島村,ふくしまけん,なかじまむら
407,福島県,矢吹町,ふくしまけん,やぶきまち
408,福島県,棚倉町,ふくしまけん,たなぐらまち
409,福島県,矢祭町,ふくしまけん,やまつりまち
410,福島県,塙町,ふくしまけん,はなわまち
411,福島県,鮫川村,ふくしまけん,さめがわむら
412,福島県,石川町,ふくしまけん,いしかわまち
413,福島県,玉川村,ふくしまけん,たまかわむら
414,福島県,平田村,ふくしまけん,ひらたむら
415,福島県,浅川町,ふくしまけん,あさかわまち
416,福島県,古殿町,ふくしまけん,ふるどのまち
417,福島県,三春町,ふくしまけん,みはるまち
418,福島県,小野町,ふくしまけん,おのまち
419,福島県,広野町,ふくしまけん,ひろのまち
420,福島県,楢葉町,ふくしまけん,ならはまち
421,福島県,富岡町,ふくしまけん,とみおかまち
422,福島県,川内村,ふくしまけん,かわうちむら
423,福島県,大熊町,ふくしまけん,おおくままち
424,福島県,双葉町,ふくしまけん,ふたばまち
425,福島県,浪江町,ふくしまけん,なみえまち
426,福島県,葛尾村,ふくしまけん,かつらおむら
427,福島県,新地町,ふくしまけん,しんちまち
428,福島県,飯舘村,ふくしまけん,いいたてむら
429,茨城県,,いばらきけん,
430,茨城県,水戸市,いばらきけん,みとし
431,茨城県,日立市,いばらきけん,ひたちし
432,茨城県,土浦市,いばらきけん,つちうらし
433,茨城県,古河市,いばらきけん,こがし
434,茨城県,石岡市,いばらきけん,いしおかし
435,茨城県,結城市,いばらきけん,ゆうきし
436,茨城県,龍ケ崎市,いばらきけん,りゅうがさきし
437,茨城県,下妻市,いばらきけん,しもつまし
438,茨城県,常総市,いばらきけん,じょうそうし
439,茨城県,常陸太田市,いばらきけん,ひたちおおたし
440,茨城県,高萩市,いばらきけん,たかはぎし
441,茨城県,北茨城市,いばらきけん,きたいばらきし
442,茨城県,笠間市,いばらきけん,かさまし
443,茨城県,取手市,いばらきけん,とりでし
444,茨城県,牛久市,いばらきけん,うしくし
445,茨城県,つくば市,いばらきけん,つくばし
446,茨城県,ひたちなか市,いばらきけん,ひたちなかし
447,茨城県,鹿嶋市,いばらきけん,かしまし
448,茨城県,潮来市,いばらきけん,いたこし
449,茨城県,守谷市,いばらきけん,もりやし
450,茨城県,常陸大宮市,いばらきけん,ひたちおおみやし
451,茨城県,那珂市,いばらきけん,なかし
452,茨城県,筑西市,いばらきけん,ちくせいし
453,茨城県,坂東市,いばらきけん,ばんどうし
454,茨城県,稲敷市,いばらきけん,いなしきし
455,茨城県,かすみがうら市,いばらきけん,かすみがうらし
456,茨城県,桜川市,いばらきけん,さくらがわし
457,茨城県,神栖市,いばらきけん,かみすし
458,茨城県,行方市,いばらきけん,なめがたし
459,茨城県,鉾田市,いばらきけん,ほこたし
460,茨城県,つくばみらい市,いばらきけん,つくばみらいし
461,茨城県,小美玉市,いばらきけん,おみたまし
462,茨城県,茨城町,いばらきけん,いばらきまち
463,茨城県,大洗町,いばらきけん,おおあらいまち
464,茨城県,城里町,いばらきけん,しろさとまち
465,茨城県,東海村,いばらきけん,とうかいむら
466,茨城県,大子町,いばらきけん,だいごまち
467,茨城県,美浦村,いばらきけん,みほむら
468,茨城県,阿見町,いばらきけん,あみまち
469,茨城県,河内町,いばらきけん,かわちまち
470,茨城県,八千代町,いばらきけん,やちよまち
471,茨城県,五霞町,いばらきけん,ごかまち
472,茨城県,境町,いばらきけん,さかいまち
473,茨城県,利根町,いばらきけん,とねまち
474,栃木県,,とちぎけん,
475,栃木県,宇都宮市,とちぎけん,うつのみやし
476,栃木県,足利市,とちぎけん,あしかがし
477,栃木県,栃木市,とちぎけん,とちぎし
478,栃木県,佐野市,とちぎけん,さのし
479,栃木県,鹿沼市,とちぎけん,かぬまし
480,栃木県,日光市,とちぎけん,にっこうし
481,栃木県,小山市,とちぎけん,おやまし
482,栃木県,真岡市,とちぎけん,もおかし
483,栃木県,大田原市,とちぎけん,おおたわらし
484,栃木県,矢板市,とちぎけん,やいたし
485,栃木県,那須塩原市,とちぎけん,なすしおばらし
486,栃木県,さくら市,とちぎけん,さくらし
487,栃木県,那須烏山市,とちぎけん,なすからすやまし
488,栃木県,下野市,とちぎけん,しもつけし
489,栃木県,上三川町,とちぎけん,かみのかわまち
490,栃木県,益子町,とちぎけん,ましこまち
491,栃木県,茂木町,とちぎけん,モテギマチ
492,栃木県,市貝町,とちぎけん,いちかいまち
493,栃木県,芳賀町,とちぎけん,はがまち
494,栃木県,壬生町,とちぎけん,みぶまち
495,栃木県,野木町,とちぎけん,のぎまち
496,栃木県,塩谷町,とちぎけん,しおやまち
497,栃木県,高根沢町,とちぎけん,たかねざわまち
498,栃木県,那須町,とちぎけん,なすまち
499,栃木県,那珂川町,とちぎけん,なかがわまち
500,群馬県,,ぐんまけん,
501,群馬県,前橋市,ぐんまけん,まえばしし
502,群馬県,高崎市,ぐんまけん,たかさきし
503,群馬県,桐生市,ぐんまけん,きりゅうし
504,群馬県,伊勢崎市,ぐんまけん,いせさきし
505,群馬県,太田市,ぐんまけん,おおたし
506,群馬県,沼田市,ぐんまけん,ぬまたし
507,群馬県,館林市,ぐんまけん,たてばやしし
508,群馬県,渋川市,ぐんまけん,しぶかわし
509,群馬県,藤岡市,ぐんまけん,ふじおかし
510,群馬県,富岡市,ぐんまけん,とみおかし
511,群馬県,安中市,ぐんまけん,あんなかし
512,群馬県,みどり市,ぐんまけん,みどりし
513,群馬県,榛東村,ぐんまけん,しんとうむら
514,群馬県,吉岡町,ぐんまけん,よしおかまち
515,群馬県,上野村,ぐんまけん,うえのむら
516,群馬県,神流町,ぐんまけん,かんなまち
517,群馬県,下仁田町,ぐんまけん,しもにたまち
518,群馬県,南牧村,ぐんまけん,なんもくむら
519,群馬県,甘楽町,ぐんまけん,かんらまち
520,群馬県,中之条町,ぐんまけん,なかのじようまち
521,群馬県,長野原町,ぐんまけん,ながのはらまち
522,群馬県,嬬恋村,ぐんまけん,つまごいむら
523,群馬県,草津町,ぐんまけん,くさつまち
524,群馬県,高山村,ぐんまけん,たかやまむら
525,群馬県,東吾妻町,ぐんまけん,ひがしあがつままち
526,群馬県,片品村,ぐんまけん,かたしなむら
527,群馬県,川場村,ぐんまけん,かわばむら
528,群馬県,昭和村,ぐんまけん,しょうわむら
529,群馬県,みなかみ町,ぐんまけん,みなかみまち
530,群馬県,玉村町,ぐんまけん,たまむらまち
531,群馬県,板倉町,ぐんまけん,いたくらまち
532,群馬県,明和町,ぐんまけん,めいわまち
533,群馬県,千代田町,ぐんまけん,ちよだまち
534,群馬県,大泉町,ぐんまけん,おおいずみまち
535,群馬県,邑楽町,ぐんまけん,おうらまち
536,埼玉県,,さいたまけん,
537,埼玉県,さいたま市,さいたまけん,さいたまし
538,埼玉県,さいたま市西区,さいたまけん,さいたましにしく
539,埼玉県,さいたま市北区,さいたまけん,さいたましきたく
540,埼玉県,さいたま市大宮区,さいたまけん,さいたましおおみやく
541,埼玉県,さいたま市見沼区,さいたまけん,さいたましみぬまく
542,埼玉県,さいたま市中央区,さいたまけん,さいたましちゅうおうく
543,埼玉県,さいたま市桜区,さいたまけん,さいたましさくらく
544,埼玉県,さいたま市浦和区,さいたまけん,さいたましうらわく
545,埼玉県,さいたま市南区,さいたまけん,さいたましみなみく
546,埼玉県,さいたま市緑区,さいたまけん,さいたましみどりく
547,埼玉県,さいたま市岩槻区,さいたまけん,さいたましいわつきく
548,埼玉県,川越市,さいたまけん,かわごえし
549,埼玉県,熊谷市,さいたまけん,くまがやし
550,埼玉県,川口市,さいたまけん,かわぐちし
551,埼玉県,行田市,さいたまけん,ぎようだし
552,埼玉県,秩父市,さいたまけん,ちちぶし
553,埼玉県,所沢市,さいたまけん,ところざわし
554,埼玉県,飯能市,さいたまけん,はんのうし
555,埼玉県,加須市,さいたまけん,かぞし
556,埼玉県,本庄市,さいたまけん,ほんじようし
557,埼玉県,東松山市,さいたまけん,ひがしまつやまし
558,埼玉県,春日部市,さいたまけん,かすかべし
559,埼玉県,狭山市,さいたまけん,さやまし
560,埼玉県,羽生市,さいたまけん,はにゆうし
561,埼玉県,鴻巣市,さいたまけん,こうのすし
562,埼玉県,深谷市,さいたまけん,ふかやし
563,埼玉県,上尾市,さいたまけん,あげおし
564,埼玉県,草加市,さいたまけん,そうかし
565,埼玉県,越谷市,さいたまけん,こしがやし
566,埼玉県,蕨市,さいたまけん,わらびし
567,埼玉県,戸田市,さいたまけん,とだし
568,埼玉県,入間市,さいたまけん,いるまし
569,埼玉県,朝霞市,さいたまけん,あさかし
570,埼玉県,志木市,さいたまけん,しきし
571,埼玉県,和光市,さいたまけん,わこうし
572,埼玉県,新座市,さいたまけん,にいざし
573,埼玉県,桶川市,さいたまけん,おけがわし
574,埼玉県,久喜市,さいたまけん,くきし
575,埼玉県,北本市,さいたまけん,きたもとし
576,埼玉県,八潮市,さいたまけん,やしおし
577,埼玉県,富士見市,さいたまけん,ふじみし
578,埼玉県,三郷市,さいたまけん,みさとし
579,埼玉県,蓮田市,さいたまけん,はすだし
580,埼玉県,坂戸市,さいたまけん,さかどし
581,埼玉県,幸手市,さいたまけん,さってし
582,埼玉県,鶴ヶ島市,さいたまけん,つるがしまし
583,埼玉県,日高市,さいたまけん,ひだかし
584,埼玉県,吉川市,さいたまけん,よしかわし
585,埼玉県,ふじみ野市,さいたまけん,ふじみのし
586,埼玉県,白岡市,さいたまけん,しらおかし
587,埼玉県,伊奈町,さいたまけん,いなまち
588,埼玉県,三芳町,さいたまけん,みよしまち
589,埼玉県,毛呂山町,さいたまけん,もろやままち
590,埼玉県,越生町,さいたまけん,おごせまち
591,埼玉県,滑川町,さいたまけん,なめがわまち
592,埼玉県,嵐山町,さいたまけん,らんざんまち
593,埼玉県,小川町,さいたまけん,おがわまち
594,埼玉県,川島町,さいたまけん,かわじままち
595,埼玉県,吉見町,さいたまけん,よしみまち
596,埼玉県,鳩山町,さいたまけん,はとやままち
597,埼玉県,ときがわ町,さいたまけん,ときがわまち
598,埼玉県,横瀬町,さいたまけん,よこぜまち
599,埼玉県,皆野町,さいたまけん,みなのまち
600,埼玉県,長瀞町,さいたまけん,ながとろまち
601,埼玉県,小鹿野町,さいたまけん,おがのまち
602,埼玉県,東秩父村,さいたまけん,ひがしちちぶむら
603,埼玉県,美里町,さいたまけん,みさとまち
604,埼玉県,神川町,さいたまけん,かみかわまち
605,埼玉県,上里町,さいたまけん,かみさとまち
606,埼玉県,寄居町,さいたまけん,よりいまち
607,埼玉県,宮代町,さいたまけん,みやしろまち
608,埼玉県,杉戸町,さいたまけん,すぎとまち
609,埼玉県,松伏町,さいたまけん,まつぶしまち
610,千葉県,,ちばけん,
611,千葉県,千葉市,ちばけん,ちばし
612,千葉県,千葉市中央区,ちばけん,ちばしちゅうおうく
613,千葉県,千葉市花見川区,ちばけん,ちばしはなみがわく
614,千葉県,千葉市稲毛区,ちばけん,ちばしいなげく
615,千葉県,千葉市若葉区,ちばけん,ちばしわかばく
616,千葉県,千葉市緑区,ちばけん,ちばしみどりく
617,千葉県,千葉市美浜区,ちばけん,ちばしみはまく
618,千葉県,銚子市,ちばけん,ちょうしし
619,千葉県,市川市,ちばけん,いちかわし
620,千葉県,船橋市,ちばけん,ふなばしし
621,千葉県,館山市,ちばけん,たてやまし
622,千葉県,木更津市,ちばけん,きさらづし
623,千葉県,松戸市,ちばけん,まつどし
624,千葉県,野田市,ちばけん,のだし
625,千葉県,茂原市,ちばけん,もばらし
626,千葉県,成田市,ちばけん,なりたし
627,千葉県,佐倉市,ちばけん,さくらし
628,千葉県,東金市,ちばけん,とうがねし
629,千葉県,旭市,ちばけん,あさひし
630,千葉県,習志野市,ちばけん,ならしのし
631,千葉県,柏市,ちばけん,かしわし
632,千葉県,勝浦市,ちばけん,かつうらし
633,千葉県,市原市,ちばけん,いちはらし
634,千葉県,流山市,ちばけん,ながれやまし
635,千葉県,八千代市,ちばけん,やちよし
636,千葉県,我孫子市,ちばけん,あびこし
637,千葉県,鴨川市,ちばけん,かもがわし
638,千葉県,鎌ケ谷市,ちばけん,かまがやし
639,千葉県,君津市,ちばけん,きみつし
640,千葉県,富津市,ちばけん,ふっつし
641,千葉県,浦安市,ちばけん,うらやすし
642,千葉県,四街道市,ちばけん,よつかいどうし
643,千葉県,袖ケ浦市,ちばけん,そでがうらし
644,千葉県,八街市,ちばけん,やちまたし
645,千葉県,印西市,ちばけん,いんざいし
646,千葉県,白井市,ちばけん,しろいし
647,千葉県,富里市,ちばけん,とみさとし
648,千葉県,南房総市,ちばけん,みなみぼうそうし
649,千葉県,匝瑳市,ちばけん,そうさし
650,千葉県,香取市,ちばけん,かとりし
651,千葉県,山武市,ちばけん,さんむし
652,千葉県,いすみ市,ちばけん,いすみし
653,千葉県,大網白里市,ちばけん,おおあみしらさとし
654,千葉県,酒々井町,ちばけん,しすいまち
655,千葉県,栄町,ちばけん,さかえまち
656,千葉県,神崎町,ちばけん,こうざきまち
657,千葉県,多古町,ちばけん,たこまち
658,千葉県,東庄町,ちばけん,とうのしょうまち
659,千葉県,九十九里町,ちばけん,くじゆうくりまち
660,千葉県,芝山町,ちばけん,しばやままち
661,千葉県,横芝光町,ちばけん,よこしばひかりまち
662,千葉県,一宮町,ちばけん,いちのみやまち
663,千葉県,睦沢町,ちばけん,むつざわまち
664,千葉県,長生村,ちばけん,ちょうせいむら
665,千葉県,白子町,ちばけん,しらこまち
666,千葉県,長柄町,ちばけん,ながらまち
667,千葉県,長南町,ちばけん,ちょうなんまち
668,千葉県,大多喜町,ちばけん,おおたきまち
669,千葉県,御宿町,ちばけん,おんじゆくまち
670,千葉県,鋸南町,ちばけん,きよなんまち
671,東京都,,とうきょうと,
672,東京都,千代田区,とうきょうと,ちよだく
673,東京都,中央区,とうきょうと,ちゅうおうく
674,東京都,港区,とうきょうと,みなとく
675,東京都,新宿区,とうきょうと,しんじゅくく
676,東京都,文京区,とうきょうと,ぶんきょうく
677,東京都,台東区,とうきょうと,たいとうく
678,東京都,墨田区,とうきょうと,すみだく
679,東京都,江東区,とうきょうと,こうとうく
680,東京都,品川区,とうきょうと,しながわく
681,東京都,目黒区,とうきょうと,めぐろく
682,東京都,大田区,とうきょうと,おおたく
683,東京都,世田谷区,とうきょうと,せたがやく
684,東京都,渋谷区,とうきょうと,しぶやく
685,東京都,中野区,とうきょうと,なかのく
686,東京都,杉並区,とうきょうと,すぎなみく
687,東京都,豊島区,とうきょうと,としまく
688,東京都,北区,とうきょうと,きたく
689,東京都,荒川区,とうきょうと,あらかわく
690,東京都,板橋区,とうきょうと,いたばしく
691,東京都,練馬区,とうきょうと,ねりまく
692,東京都,足立区,とうきょうと,あだちく
693,東京都,葛飾区,とうきょうと,かつしかく
694,東京都,江戸川区,とうきょうと,えどがわく
695,東京都,八王子市,とうきょうと,はちおうじし
696,東京都,立川市,とうきょうと,たちかわし
697,東京都,武蔵野市,とうきょうと,むさしのし
698,東京都,三鷹市,とうきょうと,みたかし
699,東京都,青梅市,とうきょうと,おうめし
700,東京都,府中市,とうきょうと,ふちゅうし
701,東京都,昭島市,とうきょうと,あきしまし
702,東京都,調布市,とうきょうと,ちょうふし
703,東京都,町田市,とうきょうと,まちだし
704,東京都,小金井市,とうきょうと,こがねいし
705,東京都,小平市,とうきょうと,こだいらし
706,東京都,日野市,とうきょうと,ひのし
707,東京都,東村山市,とうきょうと,ひがしむらやまし
708,東京都,国分寺市,とうきょうと,こくぶんじし
709,東京都,国立市,とうきょうと,くにたちし
710,東京都,福生市,とうきょうと,ふっさし
711,東京都,狛江市,とうきょうと,こまえし
712,東京都,東大和市,とうきょうと,ひがしやまとし
713,東京都,清瀬市,とうきょうと,きよせし
714,東京都,東久留米市,とうきょうと,ひがしくるめし
715,東京都,武蔵村山市,とうきょうと,むさしむらやまし
716,東京都,多摩市,とうきょうと,たまし
717,東京都,稲城市,とうきょうと,いなぎし
718,東京都,羽村市,とうきょうと,はむらし
719,東京都,あきる野市,とうきょうと,あきるのし
720,東京都,西東京市,とうきょうと,にしとうきょうし
721,東京都,瑞穂町,とうきょうと,みずほまち
722,東京都,日の出町,とうきょうと,ひのでまち
723,東京都,檜原村,とうきょうと,ひのはらむら
724,東京都,奥多摩町,とうきょうと,おくたままち
725,東京都,大島町,とうきょうと,おおしままち
726,東京都,利島村,とうきょうと,としまむら
727,東京都,新島村,とうきょうと,にいじまむら
728,東京都,神津島村,とうきょうと,こうづしまむら
729,東京都,三宅村,とうきょうと,みやけむら
730,東京都,御蔵島村,とうきょうと,みくらじまむら
731,東京都,八丈町,とうきょうと,はちじょうまち
732,東京都,青ヶ島村,とうきょうと,あおがしまむら
733,東京都,小笠原村,とうきょうと,おがさわらむら
734,神奈川県,,かながわけん,
735,神奈川県,横浜市,かながわけん,よこはまし
736,神奈川県,横浜市鶴見区,かながわけん,よこはましつるみく
737,神奈川県,横浜市神奈川区,かながわけん,よこはましかながわく
738,神奈川県,横浜市西区,かながわけん,よこはましにしく
739,神奈川県,横浜市中区,かながわけん,よこはましなかく
740,神奈川県,横浜市南区,かながわけん,よこはましみなみく
741,神奈川県,横浜市保土ケ谷区,かながわけん,よこはましほどがやく
742,神奈川県,横浜市磯子区,かながわけん,よこはましいそごく
743,神奈川県,横浜市金沢区,かながわけん,よこはましかなざわく
744,神奈川県,横浜市港北区,かながわけん,よこはましこうほくく
745,神奈川県,横浜市戸塚区,かながわけん,よこはましとつかく
746,神奈川県,横浜市港南区,かながわけん,よこはましこうなんく
747,神奈川県,横浜市旭区,かながわけん,よこはましあさひく
748,神奈川県,横浜市緑区,かながわけん,よこはましみどりく
749,神奈川県,横浜市瀬谷区,かながわけん,よこはましせやく
750,神奈川県,横浜市栄区,かながわけん,よこはましさかえく
751,神奈川県,横浜市泉区,かながわけん,よこはましいずみく
752,神奈川県,横浜市青葉区,かながわけん,よこはましあおばく
753,神奈川県,横浜市都筑区,かながわけん,よこはましつづきく
754,神奈川県,川崎市,かながわけん,かわさきし
755,神奈川県,川崎市川崎区,かながわけん,かわさきしかわさきく
756,神奈川県,川崎市幸区,かながわけん,かわさきしさいわいく
757,神奈川県,川崎市中原区,かながわけん,かわさきしなかはらく
758,神奈川県,川崎市高津区,かながわけん,かわさきしたかつく
759,神奈川県,川崎市多摩区,かながわけん,かわさきしたまく
760,神奈川県,川崎市宮前区,かながわけん,かわさきしみやまえく
761,神奈川県,川崎市麻生区,かながわけん,かわさきしあさおく
762,神奈川県,相模原市,かながわけん,さがみはらし
763,神奈川県,相模原市緑区,かながわけん,さがみはらしみどりく
764,神奈川県,相模原市中央区,かながわけん,さがみはらしちゅうおうく
765,神奈川県,相模原市南区,かながわけん,さがみはらしみなみく
766,神奈川県,横須賀市,かながわけん,よこすかし
767,神奈川県,平塚市,かながわけん,ひらつかし
768,神奈川県,鎌倉市,かながわけん,かまくらし
769,神奈川県,藤沢市,かながわけん,ふじさわし
770,神奈川県,小田原市,かながわけん,おだわらし
771,神奈川県,茅ヶ崎市,かながわけん,ちがさきし
772,神奈川県,逗子市,かながわけん,ずしし
773,神奈川県,三浦市,かながわけん,みうらし
774,神奈川県,秦野市,かながわけん,はだのし
775,神奈川県,厚木市,かながわけん,あつぎし
776,神奈川県,大和市,かながわけん,やまとし
777,神奈川県,伊勢原市,かながわけん,いせはらし
778,神奈川県,海老名市,かながわけん,えびなし
779,神奈川県,座間市,かながわけん,ざまし
780,神奈川県,南足柄市,かながわけん,みなみあしがらし
781,神奈川県,綾瀬市,かながわけん,あやせし
782,神奈川県,葉山町,かながわけん,はやままち
783,神奈川県,寒川町,かながわけん,さむかわまち
784,神奈川県,大磯町,かながわけん,おおいそまち
785,神奈川県,二宮町,かながわけん,にのみやまち
786,神奈川県,中井町,かながわけん,なかいまち
787,神奈川県,大井町,かながわけん,おおいまち
788,神奈川県,松田町,かながわけん,まつだまち
789,神奈川県,山北町,かながわけん,やまきたまち
790,神奈川県,開成町,かながわけん,かいせいまち
791,神奈川県,箱根町,かながわけん,はこねまち
792,神奈川県,真鶴町,かながわけん,まなつるまち
793,神奈川県,湯河原町,かながわけん,ゆがわらまち
794,神奈川県,愛川町,かながわけん,あいかわまち
795,神奈川県,清川村,かながわけん,きよかわむら
796,新潟県,,にいがたけん,
797,新潟県,新潟市,にいがたけん,にいがたし
798,新潟県,新潟市北区,にいがたけん,にいがたしきたく
799,新潟県,新潟市東区,にいがたけん,にいがたしひがしく
800,新潟県,新潟市中央区,にいがたけん,にいがたしちゅうおうく
801,新潟県,新潟市江南区,にいがたけん,にいがたしこうなんく
802,新潟県,新潟市秋葉区,にいがたけん,にいがたしあきはく
803,新潟県,新潟市南区,にいがたけん,にいがたしみなみく
804,新潟県,新潟市西区,にいがたけん,にいがたしにしく
805,新潟県,新潟市西蒲区,にいがたけん,にいがたしにしかんく
806,新潟県,長岡市,にいがたけん,ながおかし
807,新潟県,三条市,にいがたけん,さんじょうし
808,新潟県,柏崎市,にいがたけん,かしわざきし
809,新潟県,新発田市,にいがたけん,しばたし
810,新潟県,小千谷市,にいがたけん,おぢやし
811,新潟県,加茂市,にいがたけん,かもし
812,新潟県,十日町市,にいがたけん,とおかまちし
813,新潟県,見附市,にいがたけん,みつけし
814,新潟県,村上市,にいがたけん,むらかみし
815,新潟県,燕市,にいがたけん,つばめし
816,新潟県,糸魚川市,にいがたけん,いといがわし
817,新潟県,妙高市,にいがたけん,みょうこうし
818,新潟県,五泉市,にいがたけん,ごせんし
819,新潟県,上越市,にいがたけん,じょうえつし
820,新潟県,阿賀野市,にいがたけん,あがのし
821,新潟県,佐渡市,にいがたけん,さどし
822,新潟県,魚沼市,にいがたけん,うおぬまし
823,新潟県,南魚沼市,にいがたけん,みなみうおぬまし
824,新潟県,胎内市,にいがたけん,たいないし
825,新潟県,聖籠町,にいがたけん,せいろうまち
826,新潟県,弥彦村,にいがたけん,やひこむら
827,新潟県,田上町,にいがたけん,たがみまち
828,新潟県,阿賀町,にいがたけん,あがまち
829,新潟県,出雲崎町,にいがたけん,いずもざきまち
830,新潟県,湯沢町,にいがたけん,ゆざわまち
831,新潟県,津南町,にいがたけん,つなんまち
832,新潟県,刈羽村,にいがたけん,かりわむら
833,新潟県,関川村,にいがたけん,せきかわむら
834,新潟県,粟島浦村,にいがたけん,あわしまうらむら
835,富山県,,とやまけん,
836,富山県,富山市,とやまけん,とやまし
837,富山県,高岡市,とやまけん,たかおかし
838,富山県,魚津市,とやまけん,うおづし
839,富山県,氷見市,とやまけん,ひみし
840,富山県,滑川市,とやまけん,なめりかわし
841,富山県,黒部市,とやまけん,くろべし
842,富山県,砺波市,とやまけん,となみし
843,富山県,小矢部市,とやまけん,おやべし
844,富山県,南砺市,とやまけん,なんとし
845,富山県,射水市,とやまけん,いみずし
846,富山県,舟橋村,とやまけん,ふなはしむら
847,富山県,上市町,とやまけん,かみいちまち
848,富山県,立山町,とやまけん,たてやままち
849,富山県,入善町,とやまけん,にゅうぜんまち
850,富山県,朝日町,とやまけん,あさひまち
851,石川県,,いしかわけん,
852,石川県,金沢市,いしかわけん,かなざわし
853,石川県,七尾市,いしかわけん,ななおし
854,石川県,小松市,いしかわけん,こまつし
855,石川県,輪島市,いしかわけん,わじまし
856,石川県,珠洲市,いしかわけん,すずし
857,石川県,加賀市,いしかわけん,かがし
858,石川県,羽咋市,いしかわけん,はくいし
859,石川県,かほく市,いしかわけん,かほくし
860,石川県,白山市,いしかわけん,はくさんし
861,石川県,能美市,いしかわけん,のみし
862,石川県,野々市市,いしかわけん,ののいちし
863,石川県,川北町,いしかわけん,かわきたまち
864,石川県,津幡町,いしかわけん,つばたまち
865,石川県,内灘町,いしかわけん,うちなだまち
866,石川県,志賀町,いしかわけん,しかまち
867,石川県,宝達志水町,いしかわけん,ほうだつしみずちょう
868,石川県,中能登町,いしかわけん,なかのとまち
869,石川県,穴水町,いしかわけん,あなみずまち
870,石川県,能登町,いしかわけん,のとちょう
871,福井県,,ふくいけん,
872,福井県,福井市,ふくいけん,ふくいし
873,福井県,敦賀市,ふくいけん,つるがし
874,福井県,小浜市,ふくいけん,おばまし
875,福井県,大野市,ふくいけん,おおのし
876,福井県,勝山市,ふくいけん,かつやまし
877,福井県,鯖江市,ふくいけん,さばえし
878,福井県,あわら市,ふくいけん,あわらし
879,福井県,越前市,ふくいけん,えちぜんし
880,福井県,坂井市,ふくいけん,さかいし
881,福井県,永平寺町,ふくいけん,えいへいじちょう
882,福井県,池田町,ふくいけん,いけだちょう
883,福井県,南越前町,ふくいけん,みなみえちぜんちょう
884,福井県,越前町,ふくいけん,えちぜんちょう
885,福井県,美浜町,ふくいけん,みはまちょう
886,福井県,高浜町,ふくいけん,たかはまちょう
887,福井県,おおい町,ふくいけん,おおいちょう
888,福井県,若狭町,ふくいけん,わかさちょう
889,山梨県,,やまなしけん,
890,山梨県,甲府市,やまなしけん,こうふし
891,山梨県,富士吉田市,やまなしけん,ふじよしだし
892,山梨県,都留市,やまなしけん,つるし
893,山梨県,山梨市,やまなしけん,やまなしし
894,山梨県,大月市,やまなしけん,おおつきし
895,山梨県,韮崎市,やまなしけん,にらさきし
896,山梨県,南アルプス市,やまなしけん,みなみあるぷすし
897,山梨県,北杜市,やまなしけん,ほくとし
898,山梨県,甲斐市,やまなしけん,かいし
899,山梨県,笛吹市,やまなしけん,ふえふきし
900,山梨県,上野原市,やまなしけん,うえのはらし
901,山梨県,甲州市,やまなしけん,こうしゅうし
902,山梨県,中央市,やまなしけん,ちゅうおうし
903,山梨県,市川三郷町,やまなしけん,いちかわみさとちょう
904,山梨県,早川町,やまなしけん,はやかわちょう
905,山梨県,身延町,やまなしけん,みのぶちょう
906,山梨県,南部町,やまなしけん,なんぶちょう
907,山梨県,富士川町,やまなしけん,ふじかわちょう
908,山梨県,昭和町,やまなしけん,しょうわちょう
909,山梨県,道志村,やまなしけん,どうしむら
910,山梨県,西桂町,やまなしけん,にしかつらちょう
911,山梨県,忍野村,やまなしけん,おしのむら
912,山梨県,山中湖村,やまなしけん,やまなかこむら
913,山梨県,鳴沢村,やまなしけん,なるさわむら
914,山梨県,富士河口湖町,やまなしけん,ふじかわぐちこまち
915,山梨県,小菅村,やまなしけん,こすげむら
916,山梨県,丹波山村,やまなしけん,たばやまむら
917,長野県,,ながのけん,
918,長野県,長野市,ながのけん,ながのし
919,長野県,松本市,ながのけん,まつもとし
920,長野県,上田市,ながのけん,うえだし
921,長野県,岡谷市,ながのけん,おかやし
922,長野県,飯田市,ながのけん,いいだし
923,長野県,諏訪市,ながのけん,すわし
924,長野県,須坂市,ながのけん,すざかし
925,長野県,小諸市,ながのけん,こもろし
926,長野県,伊那市,ながのけん,いなし
927,長野県,駒ヶ根市,ながのけん,こまがねし
928,長野県,中野市,ながのけん,なかのし
929,長野県,大町市,ながのけん,おおまちし
930,長野県,飯山市,ながのけん,いいやまし
931,長野県,茅野市,ながのけん,ちのし
932,長野県,塩尻市,ながのけん,しおじりし
933,長野県,佐久市,ながのけん,さくし
934,長野県,千曲市,ながのけん,ちくまし
935,長野県,東御市,ながのけん,とうみし
936,長野県,安曇野市,ながのけん,あづみのし
937,長野県,小海町,ながのけん,こうみまち
938,長野県,川上村,ながのけん,かわかみむら
939,長野県,南牧村,ながのけん,みなみまきむら
940,長野県,南相木村,ながのけん,みなみあいきむら
941,長野県,北相木村,ながのけん,きたあいきむら
942,長野県,佐久穂町,ながのけん,さくほまち
943,長野県,軽井沢町,ながのけん,かるいざわまち
944,長野県,御代田町,ながのけん,みよたまち
945,長野県,立科町,ながのけん,たてしなまち
946,長野県,青木村,ながのけん,あおきむら
947,長野県,長和町,ながのけん,ながわまち
948,長野県,下諏訪町,ながのけん,しもすわまち
949,長野県,富士見町,ながのけん,ふじみまち
950,長野県,原村,ながのけん,はらむら
951,長野県,辰野町,ながのけん,たつのまち
952,長野県,箕輪町,ながのけん,みのわまち
953,長野県,飯島町,ながのけん,いいじままち
954,長野県,南箕輪村,ながのけん,みなみみのわむら
955,長野県,中川村,ながのけん,なかがわむら
956,長野県,宮田村,ながのけん,みやだむら
957,長野県,松川町,ながのけん,まつかわまち
958,長野県,高森町,ながのけん,たかもりまち
959,長野県,阿南町,ながのけん,あなんちょう
960,長野県,阿智村,ながのけん,あちむら
961,長野県,平谷村,ながのけん,ひらやむら
962,長野県,根羽村,ながのけん,ねばむら
963,長野県,下條村,ながのけん,しもじょうむら
964,長野県,売木村,ながのけん,うるぎむら
965,長野県,天龍村,ながのけん,てんりゅうむら
966,長野県,泰阜村,ながのけん,やすおかむら
967,長野県,喬木村,ながのけん,たかぎむら
968,長野県,豊丘村,ながのけん,とよおかむら
969,長野県,大鹿村,ながのけん,おおしかむら
970,長野県,上松町,ながのけん,あげまつまち
971,長野県,南木曽町,ながのけん,なぎそまち
972,長野県,木祖村,ながのけん,きそむら
973,長野県,王滝村,ながのけん,おうたきむら
974,長野県,大桑村,ながのけん,おおくわむら
975,長野県,木曽町,ながのけん,きそまち
976,長野県,麻績村,ながのけん,おみむら
977,長野県,生坂村,ながのけん,いくさかむら
978,長野県,山形村,ながのけん,やまがたむら
979,長野県,朝日村,ながのけん,あさひむら
980,長野県,筑北村,ながのけん,ちくほくむら
981,長野県,池田町,ながのけん,いけだまち
982,長野県,松川村,ながのけん,まつかわむら
983,長野県,白馬村,ながのけん,はくばむら
984,長野県,小谷村,ながのけん,おたりむら
985,長野県,坂城町,ながのけん,さかきまち
986,長野県,小布施町,ながのけん,おぶせまち
987,長野県,高山村,ながのけん,たかやまむら
988,長野県,山ノ内町,ながのけん,やまのうちまち
989,長野県,木島平村,ながのけん,きじまだいらむら
990,長野県,野沢温泉村,ながのけん,のざわおんせんむら
991,長野県,信濃町,ながのけん,しなのまち
992,長野県,小川村,ながのけん,おがわむら
993,長野県,飯綱町,ながのけん,いいづなまち
994,長野県,栄村,ながのけん,さかえむら
995,岐阜県,,ぎふけん,
996,岐阜県,岐阜市,ぎふけん,ぎふし
997,岐阜県,大垣市,ぎふけん,おおがきし
998,岐阜県,高山市,ぎふけん,たかやまし
999,岐阜県,多治見市,ぎふけん,たじみし
1000,岐阜県,関市,ぎふけん,せきし
1001,岐阜県,中津川市,ぎふけん,なかつがわし
1002,岐阜県,美濃市,ぎふけん,みのし
1003,岐阜県,瑞浪市,ぎふけん,みずなみし
1004,岐阜県,羽島市,ぎふけん,はしまし
1005,岐阜県,恵那市,ぎふけん,えなし
1006,岐阜県,美濃加茂市,ぎふけん,みのかもし
1007,岐阜県,土岐市,ぎふけん,ときし
1008,岐阜県,各務原市,ぎふけん,かかみがはらし
1009,岐阜県,可児市,ぎふけん,かにし
1010,岐阜県,山県市,ぎふけん,やまがたし
1011,岐阜県,瑞穂市,ぎふけん,みずほし
1012,岐阜県,飛騨市,ぎふけん,ひだし
1013,岐阜県,本巣市,ぎふけん,もとすし
1014,岐阜県,郡上市,ぎふけん,ぐじょうし
1015,岐阜県,下呂市,ぎふけん,げろし
1016,岐阜県,海津市,ぎふけん,かいづし
1017,岐阜県,岐南町,ぎふけん,ぎなんちょう
1018,岐阜県,笠松町,ぎふけん,かさまつちょう
1019,岐阜県,養老町,ぎふけん,ようろうちょう
1020,岐阜県,垂井町,ぎふけん,たるいちょう
1021,岐阜県,関ケ原町,ぎふけん,せきがはらちょう
1022,岐阜県,神戸町,ぎふけん,ごうどちょう
1023,岐阜県,輪之内町,ぎふけん,わのうちちょう
1024,岐阜県,安八町,ぎふけん,あんぱちちょう
1025,岐阜県,揖斐川町,ぎふけん,いびがわちょう
1026,岐阜県,大野町,ぎふけん,おおのちょう
1027,岐阜県,池田町,ぎふけん,いけだちょう
1028,岐阜県,北方町,ぎふけん,きたがたちょう
1029,岐阜県,坂祝町,ぎふけん,さかほぎちょう
1030,岐阜県,富加町,ぎふけん,とみかちょう
1031,岐阜県,川辺町,ぎふけん,かわべちょう
1032,岐阜県,七宗町,ぎふけん,ひちそうちょう
1033,岐阜県,八百津町,ぎふけん,やおつちょう
1034,岐阜県,白川町,ぎふけん,しらかわちょう
1035,岐阜県,東白川村,ぎふけん,ひがししらかわむら
1036,岐阜県,御嵩町,ぎふけん,みたけちょう
1037,岐阜県,白川村,ぎふけん,しらかわむら
1038,静岡県,,しずおかけん,
1039,静岡県,静岡市,しずおかけん,しずおかし
1040,静岡県,静岡市葵区,しずおかけん,しずおかしあおいく
1041,静岡県,静岡市駿河区,しずおかけん,しずおかしするがく
1042,静岡県,静岡市清水区,しずおかけん,しずおかししみずく
1043,静岡県,浜松市,しずおかけん,はままつし
1044,静岡県,浜松市中区,しずおかけん,はままつしなかく
1045,静岡県,浜松市東区,しずおかけん,はままつしひがしく
1046,静岡県,浜松市西区,しずおかけん,はままつしにしく
1047,静岡県,浜松市南区,しずおかけん,はままつしみなみく
1048,静岡県,浜松市北区,しずおかけん,はままつしきたく
1049,静岡県,浜松市浜北区,しずおかけん,はままつしはまきたく
1050,静岡県,浜松市天竜区,しずおかけん,はままつしてんりゅうく
1051,静岡県,沼津市,しずおかけん,ぬまづし
1052,静岡県,熱海市,しずおかけん,あたみし
1053,静岡県,三島市,しずおかけん,みしまし
1054,静岡県,富士宮市,しずおかけん,ふじのみやし
1055,静岡県,伊東市,しずおかけん,いとうし
1056,静岡県,島田市,しずおかけん,しまだし
1057,静岡県,富士市,しずおかけん,ふじし
1058,静岡県,磐田市,しずおかけん,いわたし
1059,静岡県,焼津市,しずおかけん,やいづし
1060,静岡県,掛川市,しずおかけん,かけがわし
1061,静岡県,藤枝市,しずおかけん,ふじえだし
1062,静岡県,御殿場市,しずおかけん,ごてんばし
1063,静岡県,袋井市,しずおかけん,ふくろいし
1064,静岡県,下田市,しずおかけん,しもだし
1065,静岡県,裾野市,しずおかけん,すそのし
1066,静岡県,湖西市,しずおかけん,こさいし
1067,静岡県,伊豆市,しずおかけん,いずし
1068,静岡県,御前崎市,しずおかけん,おまえざきし
1069,静岡県,菊川市,しずおかけん,きくがわし
1070,静岡県,伊豆の国市,しずおかけん,いずのくにし
1071,静岡県,牧之原市,しずおかけん,まきのはらし
1072,静岡県,東伊豆町,しずおかけん,ひがしいずちょう
1073,静岡県,河津町,しずおかけん,かわづちょう
1074,静岡県,南伊豆町,しずおかけん,みなみいずちょう
1075,静岡県,松崎町,しずおかけん,まつざきちょう
1076,静岡県,西伊豆町,しずおかけん,にしいずちょう
1077,静岡県,函南町,しずおかけん,かんなみちょう
1078,静岡県,清水町,しずおかけん,しみずちょう
1079,静岡県,長泉町,しずおかけん,ながいずみちょう
1080,静岡県,小山町,しずおかけん,おやまちょう
1081,静岡県,吉田町,しずおかけん,よしだちょう
1082,静岡県,川根本町,しずおかけん,かわねほんちょう
1083,静岡県,森町,しずおかけん,もりまち
1084,愛知県,,あいちけん,
1085,愛知県,名古屋市,あいちけん,なごやし
1086,愛知県,名古屋市千種区,あいちけん,なごやしちくさく
1087,愛知県,名古屋市東区,あいちけん,なごやしひがしく
1088,愛知県,名古屋市北区,あいちけん,なごやしきたく
1089,愛知県,名古屋市西区,あいちけん,なごやしにしく
1090,愛知県,名古屋市中村区,あいちけん,なごやしなかむらく
1091,愛知県,名古屋市中区,あいちけん,なごやしなかく
1092,愛知県,名古屋市昭和区,あいちけん,なごやししょうわく
1093,愛知県,名古屋市瑞穂区,あいちけん,なごやしみずほく
1094,愛知県,名古屋市熱田区,あいちけん,なごやしあつたく
1095,愛知県,名古屋市中川区,あいちけん,なごやしなかがわく
1096,愛知県,名古屋市港区,あいちけん,なごやしみなとく
1097,愛知県,名古屋市南区,あいちけん,なごやしみなみく
1098,愛知県,名古屋市守山区,あいちけん,なごやしもりやまく
1099,愛知県,名古屋市緑区,あいちけん,なごやしみどりく
1100,愛知県,名古屋市名東区,あいちけん,なごやしめいとうく
1101,愛知県,名古屋市天白区,あいちけん,なごやしてんぱくく
1102,愛知県,豊橋市,あいちけん,とよはしし
1103,愛知県,岡崎市,あいちけん,おかざきし
1104,愛知県,一宮市,あいちけん,いちのみやし
1105,愛知県,瀬戸市,あいちけん,せとし
1106,愛知県,半田市,あいちけん,はんだし
1107,愛知県,春日井市,あいちけん,かすがいし
1108,愛知県,豊川市,あいちけん,とよかわし
1109,愛知県,津島市,あいちけん,つしまし
1110,愛知県,碧南市,あいちけん,へきなんし
1111,愛知県,刈谷市,あいちけん,かりやし
1112,愛知県,豊田市,あいちけん,とよたし
1113,愛知県,安城市,あいちけん,あんじょうし
1114,愛知県,西尾市,あいちけん,にしおし
1115,愛知県,蒲郡市,あいちけん,がまごおりし
1116,愛知県,犬山市,あいちけん,いぬやまし
1117,愛知県,常滑市,あいちけん,とこなめし
1118,愛知県,江南市,あいちけん,こうなんし
1119,愛知県,小牧市,あいちけん,こまきし
1120,愛知県,稲沢市,あいちけん,いなざわし
1121,愛知県,新城市,あいちけん,しんしろし
1122,愛知県,東海市,あいちけん,とうかいし
1123,愛知県,大府市,あいちけん,おおぶし
1124,愛知県,知多市,あいちけん,ちたし
1125,愛知県,知立市,あいちけん,ちりゅうし
1126,愛知県,尾張旭市,あいちけん,おわりあさひし
1127,愛知県,高浜市,あいちけん,たかはまし
1128,愛知県,岩倉市,あいちけん,いわくらし
1129,愛知県,豊明市,あいちけん,とよあけし
1130,愛知県,日進市,あいちけん,にっしんし
1131,愛知県,田原市,あいちけん,たはらし
1132,愛知県,愛西市,あいちけん,あいさいし
1133,愛知県,清須市,あいちけん,きよすし
1134,愛知県,北名古屋市,あいちけん,きたなごやし
1135,愛知県,弥富市,あいちけん,やとみし
1136,愛知県,みよし市,あいちけん,みよしし
1137,愛知県,あま市,あいちけん,あまし
1138,愛知県,長久手市,あいちけん,ながくてし
1139,愛知県,東郷町,あいちけん,とうごうちょう
1140,愛知県,豊山町,あいちけん,とよやまちょう
1141,愛知県,大口町,あいちけん,おおぐちちょう
1142,愛知県,扶桑町,あいちけん,ふそうちょう
1143,愛知県,大治町,あいちけん,おおはるちょう
1144,愛知県,蟹江町,あいちけん,かにえちょう
1145,愛知県,飛島村,あいちけん,とびしまむら
1146,愛知県,阿久比町,あいちけん,あぐいちょう
1147,愛知県,東浦町,あいちけん,ひがしうらちょう
1148,愛知県,南知多町,あいちけん,みなみちたちょう
1149,愛知県,美浜町,あいちけん,みはまちょう
1150,愛知県,武豊町,あいちけん,たけとよちょう
1151,愛知県,幸田町,あいちけん,こうたちょう
1152,愛知県,設楽町,あいちけん,したらちょう
1153,愛知県,東栄町,あいちけん,とうえいちょう
1154,愛知県,豊根村,あいちけん,とよねむら
1155,三重県,,みえけん,
1156,三重県,津市,みえけん,つし
1157,三重県,四日市市,みえけん,よっかいちし
1158,三重県,伊勢市,みえけん,いせし
1159,三重県,松阪市,みえけん,まつさかし
1160,三重県,桑名市,みえけん,くわなし
1161,三重県,鈴鹿市,みえけん,すずかし
1162,三重県,名張市,みえけん,なばりし
1163,三重県,尾鷲市,みえけん,おわせし
1164,三重県,亀山市,みえけん,かめやまし
1165,三重県,鳥羽市,みえけん,とばし
1166,三重県,熊野市,みえけん,くまのし
1167,三重県,いなべ市,みえけん,いなべし
1168,三重県,志摩市,みえけん,しまし
1169,三重県,伊賀市,みえけん,いがし
1170,三重県,木曽岬町,みえけん,きそさきちょう
1171,三重県,東員町,みえけん,とういんちょう
1172,三重県,菰野町,みえけん,こものちょう
1173,三重県,朝日町,みえけん,あさひちょう
1174,三重県,川越町,みえけん,かわごえちょう
1175,三重県,多気町,みえけん,たきちょう
1176,三重県,明和町,みえけん,めいわちょう
1177,三重県,大台町,みえけん,おおだいちょう
1178,三重県,玉城町,みえけん,たまきちょう
1179,三重県,度会町,みえけん,わたらいちょう
1180,三重県,大紀町,みえけん,たいきちょう
1181,三重県,南伊勢町,みえけん,みなみいせちょう
1182,三重県,紀北町,みえけん,きほくちょう
1183,三重県,御浜町,みえけん,みはまちょう
1184,三重県,紀宝町,みえけん,きほうちょう
1185,滋賀県,,しがけん,
1186,滋賀県,大津市,しがけん,おおつし
1187,滋賀県,彦根市,しがけん,ひこねし
1188,滋賀県,長浜市,しがけん,ながはまし
1189,滋賀県,近江八幡市,しがけん,おうみはちまんし
1190,滋賀県,草津市,しがけん,くさつし
1191,滋賀県,守山市,しがけん,もりやまし
1192,滋賀県,栗東市,しがけん,りっとうし
1193,滋賀県,甲賀市,しがけん,こうかし
1194,滋賀県,野洲市,しがけん,やすし
1195,滋賀県,湖南市,しがけん,こなんし
1196,滋賀県,高島市,しがけん,たかしまし
1197,滋賀県,東近江市,しがけん,ひがしおうみし
1198,滋賀県,米原市,しがけん,まいばらし
1199,滋賀県,日野町,しがけん,ひのちょう
1200,滋賀県,竜王町,しがけん,りゆうおうちょう
1201,滋賀県,愛荘町,しがけん,あいしょうちょう
1202,滋賀県,豊郷町,しがけん,とよさとちょう
1203,滋賀県,甲良町,しがけん,こうらちょう
1204,滋賀県,多賀町,しがけん,たがちょう
1205,京都府,,きょうとふ,
1206,京都府,京都市,きょうとふ,きょうとし
1207,京都府,京都市北区,きょうとふ,きょうとしきたく
1208,京都府,京都市上京区,きょうとふ,きょうとしかみぎょうく
1209,京都府,京都市左京区,きょうとふ,きょうとしさきょうく
1210,京都府,京都市中京区,きょうとふ,きょうとしなかぎょうく
1211,京都府,京都市東山区,きょうとふ,きょうとしひがしやまく
1212,京都府,京都市下京区,きょうとふ,きょうとししもぎょうく
1213,京都府,京都市南区,きょうとふ,きょうとしみなみく
1214,京都府,京都市右京区,きょうとふ,きょうとしうきょうく
1215,京都府,京都市伏見区,きょうとふ,きょうとしふしみく
1216,京都府,京都市山科区,きょうとふ,きょうとしやましなく
1217,京都府,京都市西京区,きょうとふ,きょうとしにしきょうく
1218,京都府,福知山市,きょうとふ,ふくちやまし
1219,京都府,舞鶴市,きょうとふ,まいづるし
1220,京都府,綾部市,きょうとふ,あやべし
1221,京都府,宇治市,きょうとふ,うじし
1222,京都府,宮津市,きょうとふ,みやづし
1223,京都府,亀岡市,きょうとふ,かめおかし
1224,京都府,城陽市,きょうとふ,じょうようし
1225,京都府,向日市,きょうとふ,むこうし
1226,京都府,長岡京市,きょうとふ,ながおかきょうし
1227,京都府,八幡市,きょうとふ,やわたし
1228,京都府,京田辺市,きょうとふ,きょうたなべし
1229,京都府,京丹後市,きょうとふ,きょうたんごし
1230,京都府,南丹市,きょうとふ,なんたんし
1231,京都府,木津川市,きょうとふ,きづがわし
1232,京都府,大山崎町,きょうとふ,おおやまざきちょう
1233,京都府,久御山町,きょうとふ,くみやまちょう
1234,京都府,井手町,きょうとふ,いでちょう
1235,京都府,宇治田原町,きょうとふ,うじたわらちょう
1236,京都府,笠置町,きょうとふ,かさぎちょう
1237,京都府,和束町,きょうとふ,わづかちょう
1238,京都府,精華町,きょうとふ,せいかちょう
1239,京都府,南山城村,きょうとふ,みなみやましろむら
1240,京都府,京丹波町,きょうとふ,きょうたんばちょう
1241,京都府,伊根町,きょうとふ,いねちょう
1242,京都府,与謝野町,きょうとふ,よさのちょう
1243,大阪府,,おおさかふ,
1244,大阪府,大阪市,おおさかふ,おおさかし
1245,大阪府,大阪市都島区,おおさかふ,おおさかしみやこじまく
1246,大阪府,大阪市福島区,おおさかふ,おおさかしふくしまく
1247,大阪府,大阪市此花区,おおさかふ,おおさかしこのはなく
1248,大阪府,大阪市西区,おおさかふ,おおさかしにしく
1249,大阪府,大阪市港区,おおさかふ,おおさかしみなとく
1250,大阪府,大阪市大正区,おおさかふ,おおさかしたいしょうく
1251,大阪府,大阪市天王寺区,おおさかふ,おおさかしてんのうじく
1252,大阪府,大阪市浪速区,おおさかふ,おおさかしなにわく
1253,大阪府,大阪市西淀川区,おおさかふ,おおさかしにしよどがわく
1254,大阪府,大阪市東淀川区,おおさかふ,おおさかしひがしよどがわく
1255,大阪府,大阪市東成区,おおさかふ,おおさかしひがしなりく
1256,大阪府,大阪市生野区,おおさかふ,おおさかしいくのく
1257,大阪府,大阪市旭区,おおさかふ,おおさかしあさひく
1258,大阪府,大阪市城東区,おおさかふ,おおさかしじょうとうく
1259,大阪府,大阪市阿倍野区,おおさかふ,おおさかしあべのく
1260,大阪府,大阪市住吉区,おおさかふ,おおさかしすみよしく
1261,大阪府,大阪市東住吉区,おおさかふ,おおさかしひがしすみよしく
1262,大阪府,大阪市西成区,おおさかふ,おおさかしにしなりく
1263,大阪府,大阪市淀川区,おおさかふ,おおさかしよどがわく
1264,大阪府,大阪市鶴見区,おおさかふ,おおさかしつるみく
1265,大阪府,大阪市住之江区,おおさかふ,おおさかしすみのえく
1266,大阪府,大阪市平野区,おおさかふ,おおさかしひらのく
1267,大阪府,大阪市北区,おおさかふ,おおさかしきたく
1268,大阪府,大阪市中央区,おおさかふ,おおさかしちゅうおうく
1269,大阪府,堺市,おおさかふ,さかいし
1270,大阪府,堺市堺区,おおさかふ,さかいしさかいく
1271,大阪府,堺市中区,おおさかふ,さかいしなかく
1272,大阪府,堺市東区,おおさかふ,さかいしひがしく
1273,大阪府,堺市西区,おおさかふ,さかいしにしく
1274,大阪府,堺市南区,おおさかふ,さかいしみなみく
1275,大阪府,堺市北区,おおさかふ,さかいしきたく
1276,大阪府,堺市美原区,おおさかふ,さかいしみはらく
1277,大阪府,岸和田市,おおさかふ,きしわだし
1278,大阪府,豊中市,おおさかふ,とよなかし
1279,大阪府,池田市,おおさかふ,いけだし
1280,大阪府,吹田市,おおさかふ,すいたし
1281,大阪府,泉大津市,おおさかふ,いずみおおつし
1282,大阪府,高槻市,おおさかふ,たかつきし
1283,大阪府,貝塚市,おおさかふ,かいづかし
1284,大阪府,守口市,おおさかふ,もりぐちし
1285,大阪府,枚方市,おおさかふ,ひらかたし
1286,大阪府,茨木市,おおさかふ,いばらきし
1287,大阪府,八尾市,おおさかふ,やおし
1288,大阪府,泉佐野市,おおさかふ,いずみさのし
1289,大阪府,富田林市,おおさかふ,とんだばやしし
1290,大阪府,寝屋川市,おおさかふ,ねやがわし
1291,大阪府,河内長野市,おおさかふ,かわちながのし
1292,大阪府,松原市,おおさかふ,まつばらし
1293,大阪府,大東市,おおさかふ,だいとうし
1294,大阪府,和泉市,おおさかふ,いずみし
1295,大阪府,箕面市,おおさかふ,みのおし
1296,大阪府,柏原市,おおさかふ,かしわらし
1297,大阪府,羽曳野市,おおさかふ,はびきのし
1298,大阪府,門真市,おおさかふ,かどまし
1299,大阪府,摂津市,おおさかふ,せっつし
1300,大阪府,高石市,おおさかふ,たかいしし
1301,大阪府,藤井寺市,おおさかふ,ふじいでらし
1302,大阪府,東大阪市,おおさかふ,ひがしおおさかし
1303,大阪府,泉南市,おおさかふ,せんなんし
1304,大阪府,四條畷市,おおさかふ,しじようなわてし
1305,大阪府,交野市,おおさかふ,かたのし
1306,大阪府,大阪狭山市,おおさかふ,おおさかさやまし
1307,大阪府,阪南市,おおさかふ,はんなんし
1308,大阪府,島本町,おおさかふ,しまもとちょう
1309,大阪府,豊能町,おおさかふ,とよのちょう
1310,大阪府,能勢町,おおさかふ,のせちょう
1311,大阪府,忠岡町,おおさかふ,ただおかちょう
1312,大阪府,熊取町,おおさかふ,くまとりちょう
1313,大阪府,田尻町,おおさかふ,たじりちょう
1314,大阪府,岬町,おおさかふ,みさきちょう
1315,大阪府,太子町,おおさかふ,たいしちょう
1316,大阪府,河南町,おおさかふ,かなんちょう
1317,大阪府,千早赤阪村,おおさかふ,ちはやあかさかむら
1318,兵庫県,,ひょうごけん,
1319,兵庫県,神戸市,ひょうごけん,こうべし
1320,兵庫県,神戸市東灘区,ひょうごけん,こうべしひがしなだく
1321,兵庫県,神戸市灘区,ひょうごけん,こうべしなだく
1322,兵庫県,神戸市兵庫区,ひょうごけん,こうべしひょうごく
1323,兵庫県,神戸市長田区,ひょうごけん,こうべしながたく
1324,兵庫県,神戸市須磨区,ひょうごけん,こうべしすまく
1325,兵庫県,神戸市垂水区,ひょうごけん,こうべしたるみく
1326,兵庫県,神戸市北区,ひょうごけん,こうべしきたく
1327,兵庫県,神戸市中央区,ひょうごけん,こうべしちゅうおうく
1328,兵庫県,神戸市西区,ひょうごけん,こうべしにしく
1329,兵庫県,姫路市,ひょうごけん,ひめじし
1330,兵庫県,尼崎市,ひょうごけん,あまがさきし
1331,兵庫県,明石市,ひょうごけん,あかしし
1332,兵庫県,西宮市,ひょうごけん,にしのみやし
1333,兵庫県,洲本市,ひょうごけん,すもとし
1334,兵庫県,芦屋市,ひょうごけん,あしやし
1335,兵庫県,伊丹市,ひょうごけん,いたみし
1336,兵庫県,相生市,ひょうごけん,あいおいし
1337,兵庫県,豊岡市,ひょうごけん,とよおかし
1338,兵庫県,加古川市,ひょうごけん,かこがわし
1339,兵庫県,赤穂市,ひょうごけん,あこうし
1340,兵庫県,西脇市,ひょうごけん,にしわきし
1341,兵庫県,宝塚市,ひょうごけん,たからづかし
1342,兵庫県,三木市,ひょうごけん,みきし
1343,兵庫県,高砂市,ひょうごけん,たかさごし
1344,兵庫県,川西市,ひょうごけん,かわにしし
1345,兵庫県,小野市,ひょうごけん,おのし
1346,兵庫県,三田市,ひょうごけん,さんだし
1347,兵庫県,加西市,ひょうごけん,かさいし
1348,兵庫県,篠山市,ひょうごけん,ささやまし
1349,兵庫県,養父市,ひょうごけん,やぶし
1350,兵庫県,丹波市,ひょうごけん,たんばし
1351,兵庫県,南あわじ市,ひょうごけん,みなみあわじし
1352,兵庫県,朝来市,ひょうごけん,あさごし
1353,兵庫県,淡路市,ひょうごけん,あわじし
1354,兵庫県,宍粟市,ひょうごけん,しそうし
1355,兵庫県,加東市,ひょうごけん,かとうし
1356,兵庫県,たつの市,ひょうごけん,たつのし
1357,兵庫県,猪名川町,ひょうごけん,いながわちょう
1358,兵庫県,多可町,ひょうごけん,たかちょう
1359,兵庫県,稲美町,ひょうごけん,いなみちょう
1360,兵庫県,播磨町,ひょうごけん,はりまちょう
1361,兵庫県,市川町,ひょうごけん,いちかわちょう
1362,兵庫県,福崎町,ひょうごけん,ふくさきちょう
1363,兵庫県,神河町,ひょうごけん,かみかわちょう
1364,兵庫県,太子町,ひょうごけん,たいしちょう
1365,兵庫県,上郡町,ひょうごけん,かみごおりちょう
1366,兵庫県,佐用町,ひょうごけん,さようちょう
1367,兵庫県,香美町,ひょうごけん,かみちょう
1368,兵庫県,新温泉町,ひょうごけん,しんおんせんちょう
1369,奈良県,,ならけん,
1370,奈良県,奈良市,ならけん,ならし
1371,奈良県,大和高田市,ならけん,やまとたかだし
1372,奈良県,大和郡山市,ならけん,やまとこおりやまし
1373,奈良県,天理市,ならけん,てんりし
1374,奈良県,橿原市,ならけん,かしはらし
1375,奈良県,桜井市,ならけん,さくらいし
1376,奈良県,五條市,ならけん,ごじょうし
1377,奈良県,御所市,ならけん,ごせし
1378,奈良県,生駒市,ならけん,いこまし
1379,奈良県,香芝市,ならけん,かしばし
1380,奈良県,葛城市,ならけん,かつらぎし
1381,奈良県,宇陀市,ならけん,うだし
1382,奈良県,山添村,ならけん,やまぞえむら
1383,奈良県,平群町,ならけん,へぐりちょう
1384,奈良県,三郷町,ならけん,さんごうちょう
1385,奈良県,斑鳩町,ならけん,いかるがちょう
1386,奈良県,安堵町,ならけん,あんどちょう
1387,奈良県,川西町,ならけん,かわにしちょう
1388,奈良県,三宅町,ならけん,みやけちょう
1389,奈良県,田原本町,ならけん,たわらもとちょう
1390,奈良県,曽爾村,ならけん,そにむら
1391,奈良県,御杖村,ならけん,みつえむら
1392,奈良県,高取町,ならけん,たかとりちょう
1393,奈良県,明日香村,ならけん,あすかむら
1394,奈良県,上牧町,ならけん,かんまきちょう
1395,奈良県,王寺町,ならけん,おうじちょう
1396,奈良県,広陵町,ならけん,こうりようちょう
1397,奈良県,河合町,ならけん,かわいちょう
1398,奈良県,吉野町,ならけん,よしのちょう
1399,奈良県,大淀町,ならけん,おおよどちょう
1400,奈良県,下市町,ならけん,しもいちちょう
1401,奈良県,黒滝村,ならけん,くろたきむら
1402,奈良県,天川村,ならけん,てんかわむら
1403,奈良県,野迫川村,ならけん,のせがわむら
1404,奈良県,十津川村,ならけん,とつかわむら
1405,奈良県,下北山村,ならけん,しもきたやまむら
1406,奈良県,上北山村,ならけん,かみきたやまむら
1407,奈良県,川上村,ならけん,かわかみむら
1408,奈良県,東吉野村,ならけん,ひがしよしのむら
1409,和歌山県,,わかやまけん,
1410,和歌山県,和歌山市,わかやまけん,わかやまし
1411,和歌山県,海南市,わかやまけん,かいなんし
1412,和歌山県,橋本市,わかやまけん,はしもとし
1413,和歌山県,有田市,わかやまけん,ありだし
1414,和歌山県,御坊市,わかやまけん,ごぼうし
1415,和歌山県,田辺市,わかやまけん,たなべし
1416,和歌山県,新宮市,わかやまけん,しんぐうし
1417,和歌山県,紀の川市,わかやまけん,きのかわし
1418,和歌山県,岩出市,わかやまけん,いわでし
1419,和歌山県,紀美野町,わかやまけん,きみのちょう
1420,和歌山県,かつらぎ町,わかやまけん,かつらぎちょう
1421,和歌山県,九度山町,わかやまけん,くどやまちょう
1422,和歌山県,高野町,わかやまけん,こうやちょう
1423,和歌山県,湯浅町,わかやまけん,ゆあさちょう
1424,和歌山県,広川町,わかやまけん,ひろがわちょう
1425,和歌山県,有田川町,わかやまけん,ありだがわちょう
1426,和歌山県,美浜町,わかやまけん,みはまちょう
1427,和歌山県,日高町,わかやまけん,ひだかちょう
1428,和歌山県,由良町,わかやまけん,ゆらちょう
1429,和歌山県,印南町,わかやまけん,いなみちょう
1430,和歌山県,みなべ町,わかやまけん,みなべちょう
1431,和歌山県,日高川町,わかやまけん,ひだかがわちょう
1432,和歌山県,白浜町,わかやまけん,しらはまちょう
1433,和歌山県,上富田町,わかやまけん,かみとんだちょう
1434,和歌山県,すさみ町,わかやまけん,すさみちょう
1435,和歌山県,那智勝浦町,わかやまけん,なちかつうらちょう
1436,和歌山県,太地町,わかやまけん,たいじちょう
1437,和歌山県,古座川町,わかやまけん,こざがわちょう
1438,和歌山県,北山村,わかやまけん,きたやまむら
1439,和歌山県,串本町,わかやまけん,くしもとちょう
1440,鳥取県,,とっとりけん,
1441,鳥取県,鳥取市,とっとりけん,とっとりし
1442,鳥取県,米子市,とっとりけん,よなごし
1443,鳥取県,倉吉市,とっとりけん,くらよしし
1444,鳥取県,境港市,とっとりけん,さかいみなとし
1445,鳥取県,岩美町,とっとりけん,いわみちょう
1446,鳥取県,若桜町,とっとりけん,わかさちょう
1447,鳥取県,智頭町,とっとりけん,チヅチョウ
1448,鳥取県,八頭町,とっとりけん,やずちょう
1449,鳥取県,三朝町,とっとりけん,みささちょう
1450,鳥取県,湯梨浜町,とっとりけん,ゆりはまちょう
1451,鳥取県,琴浦町,とっとりけん,ことうらちょう
1452,鳥取県,北栄町,とっとりけん,ほくえいちょう
1453,鳥取県,日吉津村,とっとりけん,ひえづそん
1454,鳥取県,大山町,とっとりけん,だいせんちょう
1455,鳥取県,南部町,とっとりけん,なんぶちょう
1456,鳥取県,伯耆町,とっとりけん,ほうきちょう
1457,鳥取県,日南町,とっとりけん,にちなんちょう
1458,鳥取県,日野町,とっとりけん,ひのちょう
1459,鳥取県,江府町,とっとりけん,こうふちょう
1460,島根県,,しまねけん,
1461,島根県,松江市,しまねけん,まつえし
1462,島根県,浜田市,しまねけん,はまだし
1463,島根県,出雲市,しまねけん,いずもし
1464,島根県,益田市,しまねけん,ますだし
1465,島根県,大田市,しまねけん,おおだし
1466,島根県,安来市,しまねけん,やすぎし
1467,島根県,江津市,しまねけん,ごうつし
1468,島根県,雲南市,しまねけん,うんなんし
1469,島根県,奥出雲町,しまねけん,おくいずもちょう
1470,島根県,飯南町,しまねけん,いいなんちょう
1471,島根県,川本町,しまねけん,かわもとまち
1472,島根県,美郷町,しまねけん,みさとちょう
1473,島根県,邑南町,しまねけん,おおなんちょう
1474,島根県,津和野町,しまねけん,つわのちょう
1475,島根県,吉賀町,しまねけん,よしかちょう
1476,島根県,海士町,しまねけん,あまちょう
1477,島根県,西ノ島町,しまねけん,にしのしまちょう
1478,島根県,知夫村,しまねけん,ちぶむら
1479,島根県,隠岐の島町,しまねけん,おきのしまちょう
1480,岡山県,,おかやまけん,
1481,岡山県,岡山市,おかやまけん,おかやまし
1482,岡山県,岡山市北区,おかやまけん,おかやましきたく
1483,岡山県,岡山市中区,おかやまけん,おかやましなかく
1484,岡山県,岡山市東区,おかやまけん,おかやましひがしく
1485,岡山県,岡山市南区,おかやまけん,おかやましみなみく
1486,岡山県,倉敷市,おかやまけん,くらしきし
1487,岡山県,津山市,おかやまけん,つやまし
1488,岡山県,玉野市,おかやまけん,たまのし
1489,岡山県,笠岡市,おかやまけん,かさおかし
1490,岡山県,井原市,おかやまけん,いばらし
1491,岡山県,総社市,おかやまけん,そうじやし
1492,岡山県,高梁市,おかやまけん,たかはしし
1493,岡山県,新見市,おかやまけん,にいみし
1494,岡山県,備前市,おかやまけん,びぜんし
1495,岡山県,瀬戸内市,おかやまけん,せとうちし
1496,岡山県,赤磐市,おかやまけん,あかいわし
1497,岡山県,真庭市,おかやまけん,まにわし
1498,岡山県,美作市,おかやまけん,みまさかし
1499,岡山県,浅口市,おかやまけん,あさくちし
1500,岡山県,和気町,おかやまけん,わけちょう
1501,岡山県,早島町,おかやまけん,はやしまちょう
1502,岡山県,里庄町,おかやまけん,さとしょうちょう
1503,岡山県,矢掛町,おかやまけん,やかげちょう
1504,岡山県,新庄村,おかやまけん,しんじようそん
1505,岡山県,鏡野町,おかやまけん,かがみのちょう
1506,岡山県,勝央町,おかやまけん,しょうおうちょう
1507,岡山県,奈義町,おかやまけん,なぎちょう
1508,岡山県,西粟倉村,おかやまけん,にしあわくらそん
1509,岡山県,久米南町,おかやまけん,くめなんちょう
1510,岡山県,美咲町,おかやまけん,みさきちょう
1511,岡山県,吉備中央町,おかやまけん,きびちゅうおうちょう
1512,広島県,,ひろしまけん,
1513,広島県,広島市,ひろしまけん,ひろしまし
1514,広島県,広島市中区,ひろしまけん,ひろしましなかく
1515,広島県,広島市東区,ひろしまけん,ひろしましひがしく
1516,広島県,広島市南区,ひろしまけん,ひろしましみなみく
1517,広島県,広島市西区,ひろしまけん,ひろしましにしく
1518,広島県,広島市安佐南区,ひろしまけん,ひろしましあさみなみく
1519,広島県,広島市安佐北区,ひろしまけん,ひろしましあさきたく
1520,広島県,広島市安芸区,ひろしまけん,ひろしましあきく
1521,広島県,広島市佐伯区,ひろしまけん,ひろしましさえきく
1522,広島県,呉市,ひろしまけん,くれし
1523,広島県,竹原市,ひろしまけん,たけはらし
1524,広島県,三原市,ひろしまけん,みはらし
1525,広島県,尾道市,ひろしまけん,おのみちし
1526,広島県,福山市,ひろしまけん,ふくやまし
1527,広島県,府中市,ひろしまけん,ふちゅうし
1528,広島県,三次市,ひろしまけん,みよしし
1529,広島県,庄原市,ひろしまけん,しょうばらし
1530,広島県,大竹市,ひろしまけん,おおたけし
1531,広島県,東広島市,ひろしまけん,ひがしひろしまし
1532,広島県,廿日市市,ひろしまけん,はつかいちし
1533,広島県,安芸高田市,ひろしまけん,あきたかたし
1534,広島県,江田島市,ひろしまけん,えたじまし
1535,広島県,府中町,ひろしまけん,ふちゅうちょう
1536,広島県,海田町,ひろしまけん,かいたちょう
1537,広島県,熊野町,ひろしまけん,くまのちょう
1538,広島県,坂町,ひろしまけん,さかちょう
1539,広島県,安芸太田町,ひろしまけん,あきおおたちょう
1540,広島県,北広島町,ひろしまけん,きたひろしまちょう
1541,広島県,大崎上島町,ひろしまけん,おおさきかみじまちょう
1542,広島県,世羅町,ひろしまけん,せらちょう
1543,広島県,神石高原町,ひろしまけん,じんせきこうげんちょう
1544,山口県,,やまぐちけん,
1545,山口県,下関市,やまぐちけん,しものせきし
1546,山口県,宇部市,やまぐちけん,うべし
1547,山口県,山口市,やまぐちけん,やまぐちし
1548,山口県,萩市,やまぐちけん,はぎし
1549,山口県,防府市,やまぐちけん,ほうふし
1550,山口県,下松市,やまぐちけん,くだまつし
1551,山口県,岩国市,やまぐちけん,いわくにし
1552,山口県,光市,やまぐちけん,ひかりし
1553,山口県,長門市,やまぐちけん,ながとし
1554,山口県,柳井市,やまぐちけん,やないし
1555,山口県,美祢市,やまぐちけん,みねし
1556,山口県,周南市,やまぐちけん,しゅうなんし
1557,山口県,山陽小野田市,やまぐちけん,さんようおのだし
1558,山口県,周防大島町,やまぐちけん,すおうおおしまちょう
1559,山口県,和木町,やまぐちけん,わきちょう
1560,山口県,上関町,やまぐちけん,かみのせきちょう
1561,山口県,田布施町,やまぐちけん,たぶせちょう
1562,山口県,平生町,やまぐちけん,ひらおちょう
1563,山口県,阿武町,やまぐちけん,あぶちょう
1564,徳島県,,とくしまけん,
1565,徳島県,徳島市,とくしまけん,とくしまし
1566,徳島県,鳴門市,とくしまけん,なるとし
1567,徳島県,小松島市,とくしまけん,こまつしまし
1568,徳島県,阿南市,とくしまけん,あなんし
1569,徳島県,吉野川市,とくしまけん,よしのがわし
1570,徳島県,阿波市,とくしまけん,あわし
1571,徳島県,美馬市,とくしまけん,みまし
1572,徳島県,三好市,とくしまけん,みよしし
1573,徳島県,勝浦町,とくしまけん,かつうらちょう
1574,徳島県,上勝町,とくしまけん,かみかつちょう
1575,徳島県,佐那河内村,とくしまけん,さなごうちそん
1576,徳島県,石井町,とくしまけん,いしいちょう
1577,徳島県,神山町,とくしまけん,かみやまちょう
1578,徳島県,那賀町,とくしまけん,なかちょう
1579,徳島県,牟岐町,とくしまけん,むぎちょう
1580,徳島県,美波町,とくしまけん,みなみちょう
1581,徳島県,海陽町,とくしまけん,かいようちょう
1582,徳島県,松茂町,とくしまけん,まつしげちょう
1583,徳島県,北島町,とくしまけん,きたじまちょう
1584,徳島県,藍住町,とくしまけん,あいずみちょう
1585,徳島県,板野町,とくしまけん,いたのちょう
1586,徳島県,上板町,とくしまけん,かみいたちょう
1587,徳島県,つるぎ町,とくしまけん,つるぎちょう
1588,徳島県,東みよし町,とくしまけん,ひがしみよしちょう
1589,香川県,,かがわけん,
1590,香川県,高松市,かがわけん,たかまつし
1591,香川県,丸亀市,かがわけん,まるがめし
1592,香川県,坂出市,かがわけん,さかいでし
1593,香川県,善通寺市,かがわけん,ぜんつうじし
1594,香川県,観音寺市,かがわけん,かんおんじし
1595,香川県,さぬき市,かがわけん,さぬきし
1596,香川県,東かがわ市,かがわけん,ひがしかがわし
1597,香川県,三豊市,かがわけん,みとよし
1598,香川県,土庄町,かがわけん,とのしょうちょう
1599,香川県,小豆島町,かがわけん,しょうどしまちょう
1600,香川県,三木町,かがわけん,みきちょう
1601,香川県,直島町,かがわけん,なおしまちょう
1602,香川県,宇多津町,かがわけん,うたづちょう
1603,香川県,綾川町,かがわけん,あやがわちょう
1604,香川県,琴平町,かがわけん,ことひらちょう
1605,香川県,多度津町,かがわけん,たどつちょう
1606,香川県,まんのう町,かがわけん,まんのうちょう
1607,愛媛県,,えひめけん,
1608,愛媛県,松山市,えひめけん,まつやまし
1609,愛媛県,今治市,えひめけん,いまばりし
1610,愛媛県,宇和島市,えひめけん,うわじまし
1611,愛媛県,八幡浜市,えひめけん,やわたはまし
1612,愛媛県,新居浜市,えひめけん,にいはまし
1613,愛媛県,西条市,えひめけん,さいじょうし
1614,愛媛県,大洲市,えひめけん,おおずし
1615,愛媛県,伊予市,えひめけん,いよし
1616,愛媛県,四国中央市,えひめけん,しこくちゅうおうし
1617,愛媛県,西予市,えひめけん,せいよし
1618,愛媛県,東温市,えひめけん,とうおんし
1619,愛媛県,上島町,えひめけん,かみじまちょう
1620,愛媛県,久万高原町,えひめけん,くまこうげんちょう
1621,愛媛県,松前町,えひめけん,まさきちょう
1622,愛媛県,砥部町,えひめけん,とべちょう
1623,愛媛県,内子町,えひめけん,うちこちょう
1624,愛媛県,伊方町,えひめけん,いかたちょう
1625,愛媛県,松野町,えひめけん,まつのちょう
1626,愛媛県,鬼北町,えひめけん,きほくちょう
1627,愛媛県,愛南町,えひめけん,あいなんちょう
1628,高知県,,こうちけん,
1629,高知県,高知市,こうちけん,こうちし
1630,高知県,室戸市,こうちけん,むろとし
1631,高知県,安芸市,こうちけん,あきし
1632,高知県,南国市,こうちけん,なんこくし
1633,高知県,土佐市,こうちけん,とさし
1634,高知県,須崎市,こうちけん,すさきし
1635,高知県,宿毛市,こうちけん,すくもし
1636,高知県,土佐清水市,こうちけん,とさしみずし
1637,高知県,四万十市,こうちけん,しまんとし
1638,高知県,香南市,こうちけん,こうなんし
1639,高知県,香美市,こうちけん,かみし
1640,高知県,東洋町,こうちけん,とうようちょう
1641,高知県,奈半利町,こうちけん,なはりちょう
1642,高知県,田野町,こうちけん,たのちょう
1643,高知県,安田町,こうちけん,やすだちょう
1644,高知県,北川村,こうちけん,きたがわむら
1645,高知県,馬路村,こうちけん,うまじむら
1646,高知県,芸西村,こうちけん,げいせいむら
1647,高知県,本山町,こうちけん,もとやまちょう
1648,高知県,大豊町,こうちけん,おおとよちょう
1649,高知県,土佐町,こうちけん,とさちょう
1650,高知県,大川村,こうちけん,おおかわむら
1651,高知県,いの町,こうちけん,いのちょう
1652,高知県,仁淀川町,こうちけん,によどがわちょう
1653,高知県,中土佐町,こうちけん,なかとさちょう
1654,高知県,佐川町,こうちけん,さかわちょう
1655,高知県,越知町,こうちけん,おちちょう
1656,高知県,梼原町,こうちけん,ゆすはらちょう
1657,高知県,日高村,こうちけん,ひだかむら
1658,高知県,津野町,こうちけん,つのちょう
1659,高知県,四万十町,こうちけん,しまんとちょう
1660,高知県,大月町,こうちけん,おおつきちょう
1661,高知県,三原村,こうちけん,みはらむら
1662,高知県,黒潮町,こうちけん,くろしおちょう
1663,福岡県,,ふくおかけん,
1664,福岡県,北九州市,ふくおかけん,きたきゅうしゅうし
1665,福岡県,北九州市門司区,ふくおかけん,きたきゅうしゅうしもじく
1666,福岡県,北九州市若松区,ふくおかけん,きたきゅうしゅうしわかまつく
1667,福岡県,北九州市戸畑区,ふくおかけん,きたきゅうしゅうしとばたく
1668,福岡県,北九州市小倉北区,ふくおかけん,きたきゅうしゅうしこくらきたく
1669,福岡県,北九州市小倉南区,ふくおかけん,きたきゅうしゅうしこくらみなみく
1670,福岡県,北九州市八幡東区,ふくおかけん,きたきゅうしゅうしやはたひがしく
1671,福岡県,北九州市八幡西区,ふくおかけん,きたきゅうしゅうしやはたにしく
1672,福岡県,福岡市,ふくおかけん,ふくおかし
1673,福岡県,福岡市東区,ふくおかけん,ふくおかしひがしく
1674,福岡県,福岡市博多区,ふくおかけん,ふくおかしはかたく
1675,福岡県,福岡市中央区,ふくおかけん,ふくおかしちゅうおうく
1676,福岡県,福岡市南区,ふくおかけん,ふくおかしみなみく
1677,福岡県,福岡市西区,ふくおかけん,ふくおかしにしく
1678,福岡県,福岡市城南区,ふくおかけん,ふくおかしじょうなんく
1679,福岡県,福岡市早良区,ふくおかけん,ふくおかしさわらく
1680,福岡県,大牟田市,ふくおかけん,おおむたし
1681,福岡県,久留米市,ふくおかけん,くるめし
1682,福岡県,直方市,ふくおかけん,のおがたし
1683,福岡県,飯塚市,ふくおかけん,いいづかし
1684,福岡県,田川市,ふくおかけん,たがわし
1685,福岡県,柳川市,ふくおかけん,やながわし
1686,福岡県,八女市,ふくおかけん,やめし
1687,福岡県,筑後市,ふくおかけん,ちくごし
1688,福岡県,大川市,ふくおかけん,おおかわし
1689,福岡県,行橋市,ふくおかけん,ゆくはしし
1690,福岡県,豊前市,ふくおかけん,ぶぜんし
1691,福岡県,中間市,ふくおかけん,なかまし
1692,福岡県,小郡市,ふくおかけん,おごおりし
1693,福岡県,筑紫野市,ふくおかけん,ちくしのし
1694,福岡県,春日市,ふくおかけん,かすがし
1695,福岡県,大野城市,ふくおかけん,おおのじょうし
1696,福岡県,宗像市,ふくおかけん,むなかたし
1697,福岡県,太宰府市,ふくおかけん,だざいふし
1698,福岡県,古賀市,ふくおかけん,こがし
1699,福岡県,福津市,ふくおかけん,ふくつし
1700,福岡県,うきは市,ふくおかけん,うきはし
1701,福岡県,宮若市,ふくおかけん,みやわかし
1702,福岡県,嘉麻市,ふくおかけん,かまし
1703,福岡県,朝倉市,ふくおかけん,あさくらし
1704,福岡県,みやま市,ふくおかけん,みやまし
1705,福岡県,糸島市,ふくおかけん,いとしまし
1706,福岡県,那珂川町,ふくおかけん,なかがわまち
1707,福岡県,宇美町,ふくおかけん,うみまち
1708,福岡県,篠栗町,ふくおかけん,ささぐりまち
1709,福岡県,志免町,ふくおかけん,しめまち
1710,福岡県,須恵町,ふくおかけん,すえまち
1711,福岡県,新宮町,ふくおかけん,しんぐうまち
1712,福岡県,久山町,ふくおかけん,ひさやままち
1713,福岡県,粕屋町,ふくおかけん,かすやまち
1714,福岡県,芦屋町,ふくおかけん,あしやまち
1715,福岡県,水巻町,ふくおかけん,みずまきまち
1716,福岡県,岡垣町,ふくおかけん,おかがきまち
1717,福岡県,遠賀町,ふくおかけん,おんがちょう
1718,福岡県,小竹町,ふくおかけん,こたけまち
1719,福岡県,鞍手町,ふくおかけん,くらてまち
1720,福岡県,桂川町,ふくおかけん,けいせんまち
1721,福岡県,筑前町,ふくおかけん,ちくぜんまち
1722,福岡県,東峰村,ふくおかけん,とうほうむら
1723,福岡県,大刀洗町,ふくおかけん,たちあらいまち
1724,福岡県,大木町,ふくおかけん,おおきまち
1725,福岡県,広川町,ふくおかけん,ひろかわまち
1726,福岡県,香春町,ふくおかけん,かわらまち
1727,福岡県,添田町,ふくおかけん,そえだまち
1728,福岡県,糸田町,ふくおかけん,いとだまち
1729,福岡県,川崎町,ふくおかけん,かわさきまち
1730,福岡県,大任町,ふくおかけん,おおとうまち
1731,福岡県,赤村,ふくおかけん,あかむら
1732,福岡県,福智町,ふくおかけん,ふくちまち
1733,福岡県,苅田町,ふくおかけん,かんだまち
1734,福岡県,みやこ町,ふくおかけん,みやこまち
1735,福岡県,吉富町,ふくおかけん,よしとみまち
1736,福岡県,上毛町,ふくおかけん,こうげまち
1737,福岡県,築上町,ふくおかけん,ちくじょうまち
1738,佐賀県,,さがけん,
1739,佐賀県,佐賀市,さがけん,さがし
1740,佐賀県,唐津市,さがけん,からつし
1741,佐賀県,鳥栖市,さがけん,とすし
1742,佐賀県,多久市,さがけん,たくし
1743,佐賀県,伊万里市,さがけん,いまりし
1744,佐賀県,武雄市,さがけん,たけおし
1745,佐賀県,鹿島市,さがけん,かしまし
1746,佐賀県,小城市,さがけん,おぎし
1747,佐賀県,嬉野市,さがけん,うれしのし
1748,佐賀県,神埼市,さがけん,かんざきし
1749,佐賀県,吉野ヶ里町,さがけん,よしのがりちょう
1750,佐賀県,基山町,さがけん,きやまちょう
1751,佐賀県,上峰町,さがけん,かみみねちょう
1752,佐賀県,みやき町,さがけん,みやきちょう
1753,佐賀県,玄海町,さがけん,げんかいちょう
1754,佐賀県,有田町,さがけん,ありたちょう
1755,佐賀県,大町町,さがけん,おおまちちょう
1756,佐賀県,江北町,さがけん,こうほくまち
1757,佐賀県,白石町,さがけん,しろいしちょう
1758,佐賀県,太良町,さがけん,たらちょう
1759,長崎県,,ながさきけん,
1760,長崎県,長崎市,ながさきけん,ながさきし
1761,長崎県,佐世保市,ながさきけん,させぼし
1762,長崎県,島原市,ながさきけん,しまばらし
1763,長崎県,諫早市,ながさきけん,いさはやし
1764,長崎県,大村市,ながさきけん,おおむらし
1765,長崎県,平戸市,ながさきけん,ひらどし
1766,長崎県,松浦市,ながさきけん,まつうらし
1767,長崎県,対馬市,ながさきけん,つしまし
1768,長崎県,壱岐市,ながさきけん,いきし
1769,長崎県,五島市,ながさきけん,ごとうし
1770,長崎県,西海市,ながさきけん,さいかいし
1771,長崎県,雲仙市,ながさきけん,うんぜんし
1772,長崎県,南島原市,ながさきけん,みなみしまばらし
1773,長崎県,長与町,ながさきけん,ながよちょう
1774,長崎県,時津町,ながさきけん,とぎつちょう
1775,長崎県,東彼杵町,ながさきけん,ひがしそのぎちょう
1776,長崎県,川棚町,ながさきけん,かわたなちょう
1777,長崎県,波佐見町,ながさきけん,はさみちょう
1778,長崎県,小値賀町,ながさきけん,おぢかちょう
1779,長崎県,佐々町,ながさきけん,さざちょう
1780,長崎県,新上五島町,ながさきけん,しんかみごとうちょう
1781,熊本県,,くまもとけん,
1782,熊本県,熊本市,くまもとけん,くまもとし
1783,熊本県,熊本市中央区,くまもとけん,くまもとしちゅうおうく
1784,熊本県,熊本市東区,くまもとけん,くまもとしひがしく
1785,熊本県,熊本市西区,くまもとけん,くまもとしにしく
1786,熊本県,熊本市南区,くまもとけん,くまもとしみなみく
1787,熊本県,熊本市北区,くまもとけん,くまもとしきたく
1788,熊本県,八代市,くまもとけん,やつしろし
1789,熊本県,人吉市,くまもとけん,ひとよしし
1790,熊本県,荒尾市,くまもとけん,あらおし
1791,熊本県,水俣市,くまもとけん,みなまたし
1792,熊本県,玉名市,くまもとけん,たまなし
1793,熊本県,山鹿市,くまもとけん,やまがし
1794,熊本県,菊池市,くまもとけん,きくちし
1795,熊本県,宇土市,くまもとけん,うとし
1796,熊本県,上天草市,くまもとけん,かみあまくさし
1797,熊本県,宇城市,くまもとけん,うきし
1798,熊本県,阿蘇市,くまもとけん,あそし
1799,熊本県,天草市,くまもとけん,あまくさし
1800,熊本県,合志市,くまもとけん,こうしし
1801,熊本県,美里町,くまもとけん,みさとまち
1802,熊本県,玉東町,くまもとけん,ぎょくとうまち
1803,熊本県,南関町,くまもとけん,なんかんまち
1804,熊本県,長洲町,くまもとけん,ながすまち
1805,熊本県,和水町,くまもとけん,なごみまち
1806,熊本県,大津町,くまもとけん,おおづまち
1807,熊本県,菊陽町,くまもとけん,きくようまち
1808,熊本県,南小国町,くまもとけん,みなみおぐにまち
1809,熊本県,小国町,くまもとけん,おぐにまち
1810,熊本県,産山村,くまもとけん,うぶやまむら
1811,熊本県,高森町,くまもとけん,たかもりまち
1812,熊本県,西原村,くまもとけん,にしはらむら
1813,熊本県,南阿蘇村,くまもとけん,みなみあそむら
1814,熊本県,御船町,くまもとけん,みふねまち
1815,熊本県,嘉島町,くまもとけん,かしままち
1816,熊本県,益城町,くまもとけん,ましきまち
1817,熊本県,甲佐町,くまもとけん,こうさまち
1818,熊本県,山都町,くまもとけん,やまとちょう
1819,熊本県,氷川町,くまもとけん,ひかわちょう
1820,熊本県,芦北町,くまもとけん,あしきたまち
1821,熊本県,津奈木町,くまもとけん,つなぎまち
1822,熊本県,錦町,くまもとけん,にしきまち
1823,熊本県,多良木町,くまもとけん,たらぎまち
1824,熊本県,湯前町,くまもとけん,ゆのまえまち
1825,熊本県,水上村,くまもとけん,みずかみむら
1826,熊本県,相良村,くまもとけん,さがらむら
1827,熊本県,五木村,くまもとけん,いつきむら
1828,熊本県,山江村,くまもとけん,やまえむら
1829,熊本県,球磨村,くまもとけん,くまむら
1830,熊本県,あさぎり町,くまもとけん,あさぎりちょう
1831,熊本県,苓北町,くまもとけん,れいほくまち
1832,大分県,,おおいたけん,
1833,大分県,大分市,おおいたけん,おおいたし
1834,大分県,別府市,おおいたけん,べっぷし
1835,大分県,中津市,おおいたけん,なかつし
1836,大分県,日田市,おおいたけん,ひたし
1837,大分県,佐伯市,おおいたけん,さいきし
1838,大分県,臼杵市,おおいたけん,うすきし
1839,大分県,津久見市,おおいたけん,つくみし
1840,大分県,竹田市,おおいたけん,たけたし
1841,大分県,豊後高田市,おおいたけん,ぶんごたかだし
1842,大分県,杵築市,おおいたけん,きつきし
1843,大分県,宇佐市,おおいたけん,うさし
1844,大分県,豊後大野市,おおいたけん,ぶんごおおのし
1845,大分県,由布市,おおいたけん,ゆふし
1846,大分県,国東市,おおいたけん,くにさきし
1847,大分県,姫島村,おおいたけん,ひめしまむら
1848,大分県,日出町,おおいたけん,ひじまち
1849,大分県,九重町,おおいたけん,ここのえまち
1850,大分県,玖珠町,おおいたけん,くすまち
1851,宮崎県,,みやざきけん,
1852,宮崎県,宮崎市,みやざきけん,みやざきし
1853,宮崎県,都城市,みやざきけん,みやこのじょうし
1854,宮崎県,延岡市,みやざきけん,のべおかし
1855,宮崎県,日南市,みやざきけん,にちなんし
1856,宮崎県,小林市,みやざきけん,こばやしし
1857,宮崎県,日向市,みやざきけん,ひゅうがし
1858,宮崎県,串間市,みやざきけん,くしまし
1859,宮崎県,西都市,みやざきけん,さいとし
1860,宮崎県,えびの市,みやざきけん,えびのし
1861,宮崎県,三股町,みやざきけん,みまたちょう
1862,宮崎県,高原町,みやざきけん,たかはるちょう
1863,宮崎県,国富町,みやざきけん,くにとみちょう
1864,宮崎県,綾町,みやざきけん,あやちょう
1865,宮崎県,高鍋町,みやざきけん,たかなべちょう
1866,宮崎県,新富町,みやざきけん,しんとみちょう
1867,宮崎県,西米良村,みやざきけん,にしめらそん
1868,宮崎県,木城町,みやざきけん,きじょうちょう
1869,宮崎県,川南町,みやざきけん,かわみなみちょう
1870,宮崎県,都農町,みやざきけん,つのちょう
1871,宮崎県,門川町,みやざきけん,かどがわちょう
1872,宮崎県,諸塚村,みやざきけん,もろつかそん
1873,宮崎県,椎葉村,みやざきけん,しいばそん
1874,宮崎県,美郷町,みやざきけん,みさとちょう
1875,宮崎県,高千穂町,みやざきけん,たかちほちょう
1876,宮崎県,日之影町,みやざきけん,ひのかげちょう
1877,宮崎県,五ヶ瀬町,みやざきけん,ごかせちょう
1878,鹿児島県,,かごしまけん,
1879,鹿児島県,鹿児島市,かごしまけん,かごしまし
1880,鹿児島県,鹿屋市,かごしまけん,かのやし
1881,鹿児島県,枕崎市,かごしまけん,まくらざきし
1882,鹿児島県,阿久根市,かごしまけん,あくねし
1883,鹿児島県,出水市,かごしまけん,いずみし
1884,鹿児島県,指宿市,かごしまけん,いぶすきし
1885,鹿児島県,西之表市,かごしまけん,にしのおもてし
1886,鹿児島県,垂水市,かごしまけん,たるみずし
1887,鹿児島県,薩摩川内市,かごしまけん,さつませんだいし
1888,鹿児島県,日置市,かごしまけん,ひおきし
1889,鹿児島県,曽於市,かごしまけん,そおし
1890,鹿児島県,霧島市,かごしまけん,きりしまし
1891,鹿児島県,いちき串木野市,かごしまけん,いちきくしきのし
1892,鹿児島県,南さつま市,かごしまけん,みなみさつまし
1893,鹿児島県,志布志市,かごしまけん,しぶしし
1894,鹿児島県,奄美市,かごしまけん,あまみし
1895,鹿児島県,南九州市,かごしまけん,みなみきゅうしゅうし
1896,鹿児島県,伊佐市,かごしまけん,いさし
1897,鹿児島県,姶良市,かごしまけん,あいらし
1898,鹿児島県,三島村,かごしまけん,みしまむら
1899,鹿児島県,十島村,かごしまけん,としまむら
1900,鹿児島県,さつま町,かごしまけん,さつまちょう
1901,鹿児島県,長島町,かごしまけん,ながしまちょう
1902,鹿児島県,湧水町,かごしまけん,ゆうすいちょう
1903,鹿児島県,大崎町,かごしまけん,おおさきちょう
1904,鹿児島県,東串良町,かごしまけん,ひがしくしらちょう
1905,鹿児島県,錦江町,かごしまけん,きんこうちょう
1906,鹿児島県,南大隅町,かごしまけん,みなみおおすみちょう
1907,鹿児島県,肝付町,かごしまけん,きもつきちょう
1908,鹿児島県,中種子町,かごしまけん,なかたねちょう
1909,鹿児島県,南種子町,かごしまけん,みなみたねちょう
1910,鹿児島県,屋久島町,かごしまけん,やくしまちょう
1911,鹿児島県,大和村,かごしまけん,やまとそん
1912,鹿児島県,宇検村,かごしまけん,うけんそん
1913,鹿児島県,瀬戸内町,かごしまけん,せとうちちょう
1914,鹿児島県,龍郷町,かごしまけん,たつごうちょう
1915,鹿児島県,喜界町,かごしまけん,きかいちょう
1916,鹿児島県,徳之島町,かごしまけん,とくのしまちょう
1917,鹿児島県,天城町,かごしまけん,あまぎちょう
1918,鹿児島県,伊仙町,かごしまけん,いせんちょう
1919,鹿児島県,和泊町,かごしまけん,わどまりちょう
1920,鹿児島県,知名町,かごしまけん,ちなちょう
1921,鹿児島県,与論町,かごしまけん,よろんちょう
1922,沖縄県,,おきなわけん,
1923,沖縄県,那覇市,おきなわけん,なはし
1924,沖縄県,宜野湾市,おきなわけん,ぎのわんし
1925,沖縄県,石垣市,おきなわけん,いしがきし
1926,沖縄県,浦添市,おきなわけん,うらそえし
1927,沖縄県,名護市,おきなわけん,なごし
1928,沖縄県,糸満市,おきなわけん,いとまんし
1929,沖縄県,沖縄市,おきなわけん,おきなわし
1930,沖縄県,豊見城市,おきなわけん,とみぐすくし
1931,沖縄県,うるま市,おきなわけん,うるまし
1932,沖縄県,宮古島市,おきなわけん,みやこじまし
1933,沖縄県,南城市,おきなわけん,なんじょうし
1934,沖縄県,国頭村,おきなわけん,くにがみそん
1935,沖縄県,大宜味村,おきなわけん,おおぎみそん
1936,沖縄県,東村,おきなわけん,ひがしそん
1937,沖縄県,今帰仁村,おきなわけん,なきじんそん
1938,沖縄県,本部町,おきなわけん,もとぶちょう
1939,沖縄県,恩納村,おきなわけん,おんなそん
1940,沖縄県,宜野座村,おきなわけん,ぎのざそん
1941,沖縄県,金武町,おきなわけん,きんちょう
1942,沖縄県,伊江村,おきなわけん,いえそん
1943,沖縄県,読谷村,おきなわけん,よみたんそん
1944,沖縄県,嘉手納町,おきなわけん,かでなちょう
1945,沖縄県,北谷町,おきなわけん,ちやたんちょう
1946,沖縄県,北中城村,おきなわけん,きたなかぐすくそん
1947,沖縄県,中城村,おきなわけん,なかぐすくそん
1948,沖縄県,西原町,おきなわけん,にしはらちょう
1949,沖縄県,与那原町,おきなわけん,よなばるちょう
1950,沖縄県,南風原町,おきなわけん,はえばるちょう
1951,沖縄県,渡嘉敷村,おきなわけん,とかしきそん
1952,沖縄県,座間味村,おきなわけん,ざまみそん
1953,沖縄県,粟国村,おきなわけん,あぐにそん
1954,沖縄県,渡名喜村,おきなわけん,となきそん
1955,沖縄県,南大東村,おきなわけん,みなみだいとうそん
1956,沖縄県,北大東村,おきなわけん,きただいとうそん
1957,沖縄県,伊平屋村,おきなわけん,いへやそん
1958,沖縄県,伊是名村,おきなわけん,いぜなそん
1959,沖縄県,久米島町,おきなわけん,くめじまちょう
1960,沖縄県,八重瀬町,おきなわけん,やえせちょう
1961,沖縄県,多良間村,おきなわけん,たらまそん
1962,沖縄県,竹富町,おきなわけん,たけとみちょう
1963,沖縄県,与那国町,おきなわけん,よなぐにちょう
